INSERT users (id, email, first_name, last_name, password)
VALUES (1, 'sakhno.yaroslav.13.95@gmail.com', 'Ярослав', 'Сахно', '$2a$10$HWoEKtE9AsQLQhBojT80X.L2tTW/gcC3KkN0s2OhlWvqViSq9QTuu'),
       (2, 'qqwe.qwe@gmail.com', 'Sam', 'Fet', '$10$E5MrSf4GSl/unHBHt3ZDyu98IdwZb55wEQT6d/t5rVZF7E4.D46p6'),
       (3, 'qqqwe.qwe@gmail.com', 'Mam', 'Fet', '$10$E5MrSf4GSl/unHBHt3ZDyu98IdwZb55wEQT6d/t5rVZF7E4.D46p6');

INSERT roles (id, role)
VALUES (1, 'ROLE_USER'),
       (2, 'ROLE_ADMIN');

INSERT users_roles (user_id, role_id)
VALUES (1, 1),
       (1, 2),
       (2, 1),
       (3, 1);


INSERT orders (id, date_time, total, user_id)
VALUES (1, '2023-02-13 22:15:30.55', 1, 1),
       (2, '2023-02-13 22:15:30.55', 2, 2),
       (3, '2023-02-13 22:15:30.55', 3, 3),
       (4, '2023-02-13 22:15:30.55', 4, 1),
       (5, '2023-02-13 22:15:30.55', 1, 2),
       (6, '2023-02-13 22:15:30.55', 2, 3),
       (7, '2023-02-13 22:15:30.55', 3, 1),
       (8, '2023-02-13 22:15:30.55', 4, 2),
       (9, '2023-02-13 22:15:30.55', 5, 3),
       (10, '2023-02-13 22:15:30.55', 2, 1),
       (11, '2023-02-13 22:15:30.55', 1, 2),
       (12, '2023-02-13 22:15:30.55', 1, 3),
       (13, '2023-02-13 22:15:30.55', 1, 1),
       (14, '2023-02-13 22:15:30.55', 3, 2),
       (15, '2023-02-13 22:15:30.55', 3, 3),
       (16, '2023-02-13 22:15:30.55', 1, 1),
       (17, '2023-02-13 22:15:30.55', 1, 2),
       (18, '2023-02-13 22:15:30.55', 1, 3),
       (19, '2023-02-13 22:15:30.55', 4, 1),
       (20, '2023-02-13 22:15:30.55', 5, 2);

INSERT coupons (id, name, percent, active_until)
VALUES (1, 'qwe', '20.00', '2023-10-15 10:15:30.55'),
       (2, 'qweqweqweqw', '10.00', '2023-10-15 10:15:30.55'),
       (3, 'qweasdasasd', '5.00', '2023-10-15 10:15:30.55'),
       (4, 'qweassadasd', '3.00', '2023-01-15 10:15:30.55');

INSERT categories (id, src, file_path, name)
VALUES (1, 'images/categories/culler.jpg', 'images/categories/culler.jpg', 'Системы охлаждения'),
       (2, 'images/categories/monitor.jpg', 'images/categories/monitor.jpg', 'Мониторы'),
       (3, 'images/categories/hard.jpg', 'images/categories/hard.jpg', 'Жесткие диски'),
       (4, 'images/categories/motherboard.jpg', 'images/categories/motherboard.jpg', 'Материнские платы'),
       (5, 'images/categories/processor.jpg', 'images/categories/processor.jpg', 'Процессоры'),
       (6, 'images/categories/video.jpg', 'images/categories/video.jpg', 'Видеокарты'),
       (7, 'images/categories/opera.jpg', 'images/categories/opera.jpg', 'Оперативная память'),
       (8, 'images/categories/keyboard.jpg', 'images/categories/keyboard.jpg', 'Клавиатура и мышки'),
       (9, 'images/categories/power.jpg', 'images/categories/power.jpg', 'Блоки питания'),
       (10, 'images/categories/notebook.jpg', 'images/categories/notebook.jpg', 'Ноутбуки');

INSERT companies (id, image, name)
VALUES (1, 'images/companies/aoc.jpg', 'AOC'),
       (2, 'images/companies/asus.jpg', 'ASUS'),
       (3, 'images/companies/benq.jpg', 'BENQ'),
       (4, 'images/companies/huawei.jpg', 'Huawei'),
       (5, 'images/companies/iiyamla.jpg', 'Iiyamla'),
       (6, 'images/companies/lg.jpg', 'LG'),
       (7, 'images/companies/philips.jpg', 'Philips'),
       (8, 'images/companies/sumsung.jpg', 'Sumsung'),
       (9, 'images/companies/xiaomi.jpg', 'Xiaomi'),
       (10, 'images/companies/AsRock.jpg', 'AsRock'),
       (11, 'images/companies/Gigabyte.jpg', 'Gigabyte'),
       (12, 'images/companies/MSI.jpg', 'MSI'),
       (13, 'images/companies/intel.jpg', 'Intel'),
       (14, 'images/companies/intel.jpg', 'AMD'),
       (15, 'images/companies/nvidia.jpg', 'Nvidia'),
       (16, 'images/companies/western.jpg', 'Western');


INSERT products (id, receipt_date, name, title, description, price, amount, category_id, company_id)
VALUES (1, '2023-01-15 10:15:30.55', 'Монитор Samsung C27F390FHI 27" Black', '1920x1080/VA/60Hz/4ms/VGA (D-Sub), HDMI, VESA', 'Samsung C27F390FHI - 27-дюймовый монитор с изогнутым экраном. Благодаря такому конструктивному решению обеспечивается более глубокое погружение в процесс, что особенно актуально для игр и кино. Разрешение картинки составляет 1920 x 1080 пикселей. Антибликовое же покрытие позволяет с комфортом пользоваться устройством даже в условиях чрезмерной освещенности. Однако все это лишь вершина Айсберга, а на деле достоинств у данной модели намного больше. Взять, например, технологию Flicker Free, способствующую снижению мерцаний. Таким образом, в значительной степени уменьшается нагрузка на глаза, вследствие чего вы можете работать или же наслаждаться играми/кино в течение более длительного времени. Время отклика составляет - 1 мс. Этого показателя вполне достаточно для того, чтобы переходы между кадрами в процессе демонстрации динамичных сцен отображались предельно плавно. Для подключения к ПК, игровым консолям и прочим видам мультимедийной техники можно будет задействовать интерфейсы HDMI и VGA.', 14890, 10, 2, 8),
       (2, '2023-01-15 10:15:30.55', 'Монитор 24" Samsung C24F390FHI', '1920x1080/VA/60Hz/4ms/VGA (D-Sub), HDMI, VESA', 'Samsung C24F390FHI - 24-дюймовый монитор с изогнутым экраном. Благодаря такому конструктивному решению обеспечивается более глубокое погружение в процесс, что особенно актуально для игр и кино. Разрешение картинки составляет 1920 x 1080 пикселей. Антибликовое же покрытие позволяет с комфортом пользоваться устройством даже в условиях чрезмерной освещенности. Однако это - лишь вершина Айсберга, а на деле достоинств у данной модели намного больше. Взять, например, технологию Flicker Free, способствующую снижению мерцаний. Таким образом, в значительной степени уменьшается нагрузка на глаза, вследствие чего вы можете работать или же наслаждаться играми/кино в течение более длительного времени. Время отклика составляет - 4 мс. Этого показателя вполне достаточно для того, чтобы переходы между кадрами в процессе демонстрации динамичных сцен отображались предельно плавно. Для подключения к ПК, игровым консолям и прочим видам мультимедийной техники можно будет задействовать интерфейсы HDMI и VGA. Также имеется аудиовыход 3,5 мм, позволяющий вывести звук на наушники или же внешние динамики.', 12120, 10, 2, 8),
       (3, '2023-01-15 10:15:30.55', 'Монитор 32" Samsung M8 LS32BM801UIXCI', '3840x2160/VA/60Hz/713х575х204 мм/VGA (D-Sub), HDMI, VESA', 'Smart TV Центр управления умным домом Wi-Fi 5 и Bluetooth 4.2.', 53930, 10, 2, 8),
       (4, '2023-01-15 10:15:30.55', 'Монитор 32" Samsung Odyssey G5 C32G55TQBI', '2560x1440/VA/60Hz/710x534x273 мм/VGA (D-Sub), HDMI, VESA', 'Smart TV Центр управления умным домом Wi-Fi 5 и Bluetooth 4.2.', 32110, 10, 2, 8),
       (5, '2023-01-15 10:15:30.55', 'Монитор Philips 243V7QDAB/00(01) 23.8" Black', '1920x1080/IPS/5ms/VGA (D-Sub), DVI, HDMI, Speaker, VESA', 'Philips 243V7QDAB - прекрасный монитор среднего класса, который прекрасно справится с широким спектром задач, будь то просмотр кино, игры или же работа с текстовыми документами. Благодаря использованию передовых технологий, инженерам компании удалось сократить до минимума уровень синего цвета и мерцаний, быстро приводящих к усталости глаз и негативным образом сказывающихся на зрении пользователя. Диагональ экрана составляет 23.8 дюймов, а разрешение картинки - 1920 x 1080 пикселей. Благодаря использованию IPS-матрицы картинка остается предельно контрастной и четкой практически под любым углом. Важный момент для любителей мультимедийных развлечений - это время отклика. Чем ниже данный показатель, тем более плавными выглядят переходы от одного кадра к другому в динамичных сценах. В мониторе Philips 243V7QDAB значение этого показателя равняется 5 мс, чего вполне достаточного для устранения эффекта "рваной" картинки. Для подключения к ПК, игровым консолям и прочим устройствам можно использовать разъем VGA или HDMI. Обратите внимание на то, что в данном мониторе имеются встроенные динамики. Также вы можете использовать внешние или же наушники, задействовав аудиовыход.', 12800, 10, 2, 7),
       (6, '2023-01-15 10:15:30.55', 'Монитор Philips 243V7QDAB1/00(01) 23.8" Black', '1920x1080/IPS/5ms/VGA (D-Sub), DVI, HDMI, Speaker, VESA', 'Philips 243V7QDAB - прекрасный монитор среднего класса, который прекрасно справится с широким спектром задач, будь то просмотр кино, игры или же работа с текстовыми документами. Благодаря использованию передовых технологий, инженерам компании удалось сократить до минимума уровень синего цвета и мерцаний, быстро приводящих к усталости глаз и негативным образом сказывающихся на зрении пользователя. Диагональ экрана составляет 23.8 дюймов, а разрешение картинки - 1920 x 1080 пикселей. Благодаря использованию IPS-матрицы картинка остается предельно контрастной и четкой практически под любым углом. Важный момент для любителей мультимедийных развлечений - это время отклика. Чем ниже данный показатель, тем более плавными выглядят переходы от одного кадра к другому в динамичных сценах. В мониторе Philips 243V7QDAB значение этого показателя равняется 5 мс, чего вполне достаточного для устранения эффекта "рваной" картинки. Для подключения к ПК, игровым консолям и прочим устройствам можно использовать разъем VGA или HDMI. Обратите внимание на то, что в данном мониторе имеются встроенные динамики. Также вы можете использовать внешние или же наушники, задействовав аудиовыход.', 12500, 10, 2, 7),
       (7, '2023-01-15 10:15:30.55', 'Монитор Philips 273V7QSB/00(01) 27" Black', '1920x1080/IPS/75Hz/8ms/VGA (D-Sub), DVI, VESA', 'Philips 273V7QSB - прекрасный монитор среднего класса, который прекрасно справится с широким спектром задач, будь то просмотр кино, игры или же работа с текстовыми документами. Благодаря использованию передовых технологий, инженерам компании удалось сократить до минимума уровень синего цвета и мерцаний, быстро приводящих к усталости глаз и негативным образом сказывающихся на зрении пользователя. Диагональ экрана составляет 27 дюймов, а разрешение картинки - 1920 x 1080 пикселей. Благодаря использованию IPS-матрицы картинка остается предельно контрастной и четкой практически под любым углом. Для подключения к ПК, игровым консолям и прочим устройствам можно использовать разъем VGA или HDMI.', 13800, 10, 2, 7),
       (8, '2023-01-15 10:15:30.55', 'Монитор 27" Philips 279P1/00', '1920x1080/IPS/75Hz/8ms/VGA (D-Sub), DVI, VESA', 'Philips 273V7QSB - прекрасный монитор среднего класса, который прекрасно справится с широким спектром задач, будь то просмотр кино, игры или же работа с текстовыми документами. Благодаря использованию передовых технологий, инженерам компании удалось сократить до минимума уровень синего цвета и мерцаний, быстро приводящих к усталости глаз и негативным образом сказывающихся на зрении пользователя. Диагональ экрана составляет 27 дюймов, а разрешение картинки - 1920 x 1080 пикселей. Благодаря использованию IPS-матрицы картинка остается предельно контрастной и четкой практически под любым углом. Для подключения к ПК, игровым консолям и прочим устройствам можно использовать разъем VGA или HDMI.', 34940, 10, 2, 7),
       (9, '2023-02-13 10:15:30.55', 'Монитор 27" Xiaomi Mi Desktop Monitor RMMNT27F', '1920x1080/IPS/75Hz/8ms/VGA (D-Sub), DVI, VESA', 'Прекрасный монитор среднего класса, который прекрасно справится с широким спектром задач, будь то просмотр кино, игры или же работа с текстовыми документами. Благодаря использованию передовых технологий, инженерам компании удалось сократить до минимума уровень синего цвета и мерцаний, быстро приводящих к усталости глаз и негативным образом сказывающихся на зрении пользователя. Диагональ экрана составляет 27 дюймов, а разрешение картинки - 1920 x 1080 пикселей. Благодаря использованию IPS-матрицы картинка остается предельно контрастной и четкой практически под любым углом. Для подключения к ПК, игровым консолям и прочим устройствам можно использовать разъем VGA или HDMI.', 13670, 10, 2, 9),
       (10, '2023-02-13 10:15:30.55', 'Монитор 23.8" Xiaomi Mi Desktop Monitor 1C черный IPS', '1920x1080 250 cd / m^2 6 ms HDMI VGA BHR4510GL', 'Smart TV Центр управления умным домом Wi-Fi 5 и Bluetooth 4.2.', 10860, 10, 2, 9),
       (11, '2023-02-13 10:15:30.55', 'Монитор 30" Xiaomi Curved Gaming Monitor BHR5116GL', '2560x1440/VA/60Hz/710x534x273 мм/VGA (D-Sub)', '24-дюймовый монитор с изогнутым экраном. Благодаря такому конструктивному решению обеспечивается более глубокое погружение в процесс, что особенно актуально для игр и кино. Разрешение картинки составляет 1920 x 1080 пикселей. Антибликовое же покрытие позволяет с комфортом пользоваться устройством даже в условиях чрезмерной освещенности. Однако это - лишь вершина Айсберга, а на деле достоинств у данной модели намного больше. Взять, например, технологию Flicker Free, способствующую снижению мерцаний. Таким образом, в значительной степени уменьшается нагрузка на глаза, вследствие чего вы можете работать или же наслаждаться играми/кино в течение более длительного времени. Время отклика составляет - 4 мс. Этого показателя вполне достаточно для того, чтобы переходы между кадрами в процессе демонстрации динамичных сцен отображались предельно плавно. Для подключения к ПК, игровым консолям и прочим видам мультимедийной техники можно будет задействовать интерфейсы HDMI и VGA. Также имеется аудиовыход 3,5 мм, позволяющий вывести звук на наушники или же внешние динамики.', 23620, 10, 2, 9),
       (12, '2023-02-13 10:15:30.55', 'Монитор AOC E2270SWDN 22" Black', '1920x1080/TN/75Hz/5ms/VGA (D-Sub), DVI, VESA', 'Монитор модели AOC E2270SWDN – качественная модель, которая будет радовать своего владельца при каждом включении. Сумела собрать в себе все самое лучшее и современное что на данный момент изобретено в мире графических технологий. По истине великолепные показатели способные удивить даже требовательного пользователя. Идеально решение в среднем ценовом сегменте.Монитор модели Dell S2716DG производилось только из надежных, качественных и тактильно приятных материалов. Все стыки тщательно обработаны, все ровное и гладкое, при нажатии нечего не скрипит и не люфтит. Отвечает всем самым высоким требованиям по безопасности. За красивую картинку в мониторе отвечает матрица с разрешением на 1920 x 1080 пикселей. Диагональ самого экрана составляет – 21.5 дюйма. Картинка получается очень сочной и хорошо прорисованной, уровень глубины высокий. Модель особенно понравится тем, кто часто работает с текстом. Даже на протяжении многих часов на пролет, вы будете чувствовать усталость на минимально уровне, чем не могут похвастаться многие модели мониторов. Имеет специальное покрытие, которое не даст появляются отсветам и бликам на экране монитора даже при очень ярком освещении. Гибкая и мобильная конструкция позволит вам наклонять и поворачивать устройство так, как вам захочется. Комплект поставки стандартный, в него входит монитор указанной модели, кабель питания, кабель VGA, CD-диск, документация.', 8110, 10, 2, 1),
       (13, '2023-02-13 10:15:30.55', 'Монитор 24" AOC Value Line Q24V4EA', 'черный IPS 2560x1440 250 cd / m^2 4 ms HDMI DisplayPort', 'Качественная модель, которая будет радовать своего владельца при каждом включении', 19110, 10, 2, 1),
       (14, '2023-02-13 10:15:30.55', 'Монитор 27" ASUS VA27AQSB 90LM06G0-B01170', 'черный IPS 2560x1440 250 cd / m^2 4 ms HDMI DisplayPort', 'Качественная модель, которая будет радовать своего владельца при каждом включении', 29390, 10, 2, 2),
       (15, '2023-02-13 10:15:30.55', 'Монитор 27" ASUS TUF Gaming VG27AQL1A', 'черный IPS 2560x1440 400 cd / m^2 1 ms DisplayPort HDMI USB Аудио 90LM05Z0-B01370', 'Качественная модель, которая будет радовать своего владельца при каждом включении', 50340, 10, 2, 2),
       (16, '2023-02-13 10:15:30.55', 'Монитор Benq PD2700Q 27" gl.Black', '2560x1440/IPS/4ms/HDMI, DP, miniDP, UDBhub, 1Wx2, vesa', 'На примере монитора PD2700Q компания Benq в который раз демонстрирует преданность своим традициям, а именно - хорошее качество вовсе не должно быть эквивалентно высокой стоимости. Данный мультимедийный монитор был создан в первую очередь для любителей мультимедийных развлечений, о чем свидетельствует целый ряд особенностей. Во-первых, высокое разрешение картинки, гарантирующее вам высокий уровень детализации в играх и кино - 2560 x 1440 пикселей. К тому же, экран имеет антибликовое покрытие, поэтому пробивающиеся сквозь окно лучи света не станут причиной дискомфорта в процессе активного времяпровождения. Во-вторых, это минимальное время отклика. В данной модели показатель равен всего 4 мс, что означает полное отсутствие эффекта "разрыва картинки", нередко возникающего в процессе демонстрации динамичных сцен. Наконец, третий момент - это наличие встроенных динамиков. Ввиду наличия HDMI-разъема вы сможете подключить игровую консоль или медиаплеер напрямую к монитору и наслаждаться процессом. Также вам следует иметь ввиду, что в Benq PD2700Q присутствует и разъем 3,5 мм, позволяющий вывести звук на наушники или же внешние динамики. Кроме того, здесь присутствуют технологии Low Blue Light и Flicker-Free. Они способствуют снижения уровня синего цвета и сокращению мерцаний, негативным образом сказывающихся на зрении пользователя и быстро приводящих к усталости глаз.', 34750, 10, 2, 3),
       (17, '2023-02-13 10:15:30.55', 'Монитор 24" BENQ Zowie XL2411K', 'черный TN 1920x1080 320 cd / m^2 1 ms HDMI DisplayPort Аудио 9H.LJPLB.QBE', 'Качественная модель, которая будет радовать своего владельца при каждом включении', 25180, 10, 2, 3),
       (18, '2023-03-15 10:15:30.55', 'Монитор 34" Huawei MateView GT ZQE-CBA', 'черный TN 1920x1080 320 cd / m^2 1 ms HDMI DisplayPort Аудио 9H.LJPLB.QBE', 'Качественная модель, которая будет радовать своего владельца при каждом включении', 44470, 10, 2, 4),
       (19, '2023-03-15 10:15:30.55', 'Монитор 27" iiYama XU2792QSU-B1', 'черный IPS 2560x1440 350 cd / m^2 5 ms DVI HDMI DisplayPort USB Аудио', 'Качественная модель, которая будет радовать своего владельца при каждом включении', 24730, 10, 2, 5),
       (20, '2023-03-15 10:15:30.55', 'Монитор 29" LG UltraWide 29WP500-B', 'черный IPS 2560x1080 350 cd / m^2 5 ms HDMI Аудио 29WP500-B.AEU', 'Качественная модель, которая будет радовать своего владельца при каждом включении', 19800, 10, 2, 6),
       (21, '2023-03-15 10:15:30.55', 'Материнская плата GigaByte Z790 UD', 'Socket 1700/Z790 / 7.1 / 4xDDR5/3xPCI-E 16x 2xPCI-E 1x 6xSATA III ATX', '12 и 13 поколение Intel® Core™, Intel® Pentium® Gold и Intel® Celeron. Интегрированное видео используется встроенное в процессор. Интегрированный RAID контроллер. Разъемов питания кулеров 6 шт CPU Fan 4-pin 1 шт CPU/Water Pump Fan 4-pin 1 шт Chassis/Water Pump Fan 4-pin 4 шт.', 23800, 10, 4, 11),
       (22, '2023-03-15 10:15:30.55', 'Материнская плата GigaByte A520M H', 'Socket AM4/{4} AMD A520/ 7.1 / 2xDDR4/1xPCI-E 16x 2xPCI-E 1x 4xSATA III mATX', 'AMD Ryzen™ 5000 Series/ 3rd Gen Ryzen™ and 3rd Gen Ryzen™ with Radeon™ Graphics Processors', 6870, 10, 4, 11),
       (23, '2023-03-15 10:15:30.55', 'Материнская плата MSI Z490-A PRO', 'Socket 1200 Z490 4xDDR4 2xPCI-E 16x 3xPCI-E 1x 6 ATX Retail', '0th Gen Intel® Core™ and Pentium® Gold / Celeron® processors. Интегрированное видео 	используется встроенное в процессор. Размеры 305 х 244 мм', 10300, 10, 4, 12),
       (24, '2023-03-15 10:15:30.55', 'Материнская плата MSI B450 GAMING PLUS MAX', 'Socket AM4 AMD B450 4xDDR4 2xPCI-E 16x 4xPCI-E 1x 6 ATX Retail', '1st, 2nd and 3rd Gen AMD Ryzen™, Ryzen™ with Radeon™ Vega Graphics, 2nd Gen AMD Ryzen™ with Radeon™ Graphics and Athlon™ with Radeon™ Vega Graphics Desktop Processors', 11500, 10, 4, 12),
       (25, '2023-03-15 10:15:30.55', 'Материнская плата ASRock D1800M', 'Celeron J1800, iNM10, 2*DDR3, PCI-E16x, 2*PCI-E1x, SVGA, DVI, HDMI, SATA II, GB Lan, mATX Retail', 'ASRock D1800B-ITX - материнская плата, которая послужит добротной основой при создании системы, предназначенной для решения базовых задач вроде просмотра видео или же работы в Интернете. Отличительной особенностью данной модели является интегрированный 2-ядерный процессор Intel Celeron J1800, работающий с тактовой частотой 2.41 ГГц. Плата оснащена двумя слотами DDR3 SO-DIMM SDRAM. Суммарный объем ОЗУ может составлять 16 ГБ. За вывод звука ручается 6-канальный кодек на базе Realtek ALC662. Подключение к сети осуществляется посредством LAN-адаптера Realtek RTL8111GR, обладающего пропускной способностью в 10/100/1000 Mbit. ASRock D1800B-ITX предназначена для установки в корпуса формата mATX.', 5550, 10, 4, 10),
       (26, '2023-03-15 10:15:30.55', 'Материнская плата ASRock Z690 PHANTOM GAMING 4', 'Socket 1700/Z690 / 7.1 / 4xDDR4/2xPCI-E 16x 3xPCI-E 1x 4xSATA III ATX', '1st, 2nd and 3rd Gen AMD Ryzen™, Ryzen™ with Radeon™ Vega Graphics, 2nd Gen AMD Ryzen™ with Radeon™ Graphics and Athlon™ with Radeon™ Vega Graphics Desktop Processors', 12800, 10, 4, 10),
       (27, '2023-03-17 10:15:30.55', 'Материнская плата ASUS ROG STRIX B660-F GAMING WIFI', 'Socket 1700/B660 / 7.1 / 4xDDR5/2xPCI-E 16x 2xPCI-E 1x 4xSATA III ATX', 'Полноценно поддерживается установка CPU Intel Core i9/i7/i5/i3, Pentium и Celeron 12-го поколения. Интегрированное видео используется встроенное в процессор. Разъемов питания кулеров 7 шт CPU Fan 4-pin 2 шт Chassis/Water Pump Fan 4-pin 5 шт Wi-Fi 6 (802.11ax) Bluetooth v 5.2', 25060, 10, 4, 2),
       (28, '2023-03-17 10:15:30.55', 'Материнская плата ASUS ROG MAXIMUS Z690-EXTREME GLACIAL', 'Socket 1700/Z690 / 7.1 / 4xDDR5/2xPCI-E 16x 1xPCI-E 1x 6xSATA III EATX', '12 поколение Intel® Core™, Intel® Pentium® Gold и Intel® Celeron. Интегрированное видео используется встроенное в процессор. Поддержка RAID Интегрированный RAID контроллер. 	Разъемов питания кулеров 4 шт Chassis/Water Pump Fan 4-pin 4 шт Wi-Fi 6E (802.11ax).', 186000, 10, 4, 2),
       (29, '2023-03-17 10:15:30.55', 'Процессор Intel Core i5 12400F OEM', 'Intel LGA 1700 / Alder Lake — / 6 core / 2500 Мгц / 10 нм', 'Серия процессора	Intel Core i5. Рабочая частота процессора 	2500 Мгц. Поддерживаемая память	DDR4/DDR5. Максимальный поддерживаемый объём оперативной памяти	128 Гб', 15160, 10, 5, 13),
       (30, '2023-03-17 10:15:30.55', 'Процессор Intel Core i5 10400F OEM', 'Intel LGA 1200 / Comet Lake / 6 core / 2900 Мгц / 14 нм', 'Серия процессора	Intel Core i5. Рабочая частота процессора 	2500 Мгц. Поддерживаемая память	DDR4/DDR5. Максимальный поддерживаемый объём оперативной памяти	128 Гб', 10370, 10, 5, 13),
       (31, '2023-03-17 10:15:30.55', 'Процессор Intel Core i3 12100F OEM', 'Intel LGA 1700 / Alder Lake — / 4 core / 3300 Мгц / 10 нм', 'Серия процессора	Intel Core i3. Рабочая частота процессора 	2500 Мгц. Поддерживаемая память	DDR4/DDR5. Максимальный поддерживаемый объём оперативной памяти	128 Гб', 9010, 10, 5, 13),
       (32, '2023-03-17 10:15:30.55', 'Процессор Intel Core i3 10105F OEM', 'Intel LGA 1200 / Comet Lake / 4 core / 3700 Мгц / 14 нм', 'Серия процессора Intel Core i3. Рабочая частота процессора 2500 Мгц. Поддерживаемая память	DDR4/DDR5. Максимальный поддерживаемый объём оперативной памяти	128 Гб', 5830, 10, 5, 13),
       (33, '2023-03-17 10:15:30.55', 'Процессор Intel Core i7 6700 OEM', 'Intel LGA 1151 / Skylake / 4 core / 3400 Мгц / 14 нм', 'Серия процессора	Intel Core i7. Рабочая частота процессора 	2500 Мгц. Поддерживаемая память	DDR4/DDR5. Максимальный поддерживаемый объём оперативной памяти	128 Гб', 7800, 10, 5, 13),
       (34, '2023-03-17 10:15:30.55', 'Процессор Intel Core i7 10700KF OEM', 'Intel LGA 1151 / Skylake / 4 core / 3400 Мгц / 14 нм', 'Серия процессора	Intel Core i5. Рабочая частота процессора 	2500 Мгц. Поддерживаемая память	DDR4/DDR5. Максимальный поддерживаемый объём оперативной памяти	128 Гб', 6500, 10, 5, 13),
       (35, '2023-03-17 10:15:30.55', 'Процессор AMD Ryzen 5 5600G OEM', 'AMD AM4 / Cezanne / 6 core / 3900 Мгц / 7 нм', 'Модель GPU : Radeon™ Graphics Кол-во ядер GPU : 7 Частота GPU : 1900 MHz. Типичная рассеиваемая мощность (TDP) 	65 Вт. Частота поддерживаемой памяти	pc - 25600 (3200 МГц).', 186000, 10, 5, 14),
       (36, '2023-03-17 10:15:30.55', 'Процессор AMD Ryzen 5 3600 OEM', 'AMD AM4 / Matisse / 6 core / 3600 Мгц / 7 нм', 'Процессоры серии Ryzen - одни из наиболее мощных в линейке от AMD. И если вы стремитесь добиться высокой производительности в играх, ресурсоемких приложениях и/или хотите обеспечить мультизадачность системы, то данная модель послужит для вас идеальным приобретением. Отличительной особенностью процессора AMD Ryzen 5 3600 является тот факт, что изготавливается он в соответствии с технологическим процессом 7 нм. Этим и объясняется высокая производительность, помноженная на низкий уровень потребления энергии и выделения тепла. Кэш третьего уровня в размере 32 Мб обеспечит дополнительную скорость при обработке часто используемых данных. Увеличить мощность можно будет как с помощью режима Turbo, так и специально разработанной утилиты, предоставляющей богатые возможности в отношении разгона. Также с ее помощью вы можете следить за состоянием температуры чипа, не допуская превышения критических значений.', 8650, 10, 5, 14),
       (37, '2023-03-17 10:15:30.55', 'Процессор AMD Ryzen 7 5700G OEM', 'AMD AM4 / Cezanne / 8 core / 3800 Мгц / 7 нм', 'Модель GPU : Radeon™ Graphics Кол-во ядер GPU : 7 Частота GPU : 1900 MHz. Типичная рассеиваемая мощность (TDP) 	65 Вт. Частота поддерживаемой памяти	pc - 25600 (3200 МГц).', 8200, 10, 5, 14),
       (38, '2023-03-20 10:15:30.55', 'Процессор AMD Ryzen 7 5800X TRAY', 'AMD AM4 / Vermeer / 8 core / 3800 Мгц / 7 нм', 'Модель GPU : Radeon™ Graphics Кол-во ядер GPU : 7 Частота GPU : 1900 MHz. Типичная рассеиваемая мощность (TDP) 	65 Вт. Частота поддерживаемой памяти	pc - 25600 (3200 МГц).', 24000, 10, 5, 14),
       (39, '2023-03-20 10:15:30.55', 'Процессор AMD Ryzen 5 7600X OEM', 'AMD AM5 / Raphael / 6 core / 4700 Мгц / 5 нм', 'Модель GPU : Radeon™ Graphics Кол-во ядер GPU : 7 Частота GPU : 1900 MHz. Типичная рассеиваемая мощность (TDP) 	65 Вт. Частота поддерживаемой памяти	pc - 25600 (3200 МГц).', 25000, 10, 5, 14),
       (40, '2023-03-20 10:15:30.55', 'Видеокарта GigaByte nVidia GeForce RTX 3060', 'nVidia GeForce RTX 3060 1837MHz / GDDR6 15000MHz / 192 Bit / PCI-E / 2 х HDMI 2 x DisplayPort', 'Графический процессор nVidia GeForce RTX 3060. Поддержка API DirectX 12 Ultimate, OpenGL 4.6. Система охлаждения Активная (радиатор + 3 вентилятора).', 40700, 10, 6, 15),
       (41, '2023-03-20 10:15:30.55', 'Видеокарта GigaByte nVidia GeForce RTX 4070 Ti', 'nVidia GeForce RTX 4070 Ti 2625MHz / GDDR6X 21000MHz / 192 Bit / PCI-E / HDMI 3 x DisplayPort GV-N407TEAGLE OC-12GD', 'Графический процессор nVidia GeForce RTX 3060. Поддержка API DirectX 12 Ultimate, OpenGL 4.6. Система охлаждения Активная (радиатор + 3 вентилятора).', 8900, 10, 6, 15),
       (42, '2023-03-20 10:15:30.55', 'Видеокарта GigaByte GeForce GTX 1660 SUPER', 'GeForce GTX 1660 SUPER 1785MHz / GDDR6 14000MHz / 192 Bit / PCI-E / HDMI 3 x DisplayPort GV-N166SD6-6GD', 'Графический процессор nVidia GeForce RTX 3060. Поддержка API DirectX 12 Ultimate, OpenGL 4.6. Система охлаждения Активная (радиатор + 3 вентилятора).', 25590, 10, 6, 15),
       (43, '2023-03-20 10:15:30.55', 'Видеокарта Palit GeForce GTX 1050 Ti PA-GTX1050Ti ', 'GeForce GTX 1050 Ti 1290MHz / GDDR5 7000MHz / 128 Bit / PCI-E / HDMI DisplayPort DVI-D', 'Графический процессор nVidia GeForce RTX 3060. Поддержка API DirectX 12 Ultimate, OpenGL 4.6. Система охлаждения Активная (радиатор + 3 вентилятора).', 16400, 10, 6, 15),
       (44, '2023-03-20 10:15:30.55', 'Жесткий диск Western Digital WD10EZEX 1 Tb', 'SATA III 6 Gb/s / 3.5" / 7200 rpm / 64 Mb', 'Компания Western Digital неоднократно удивляла пользователей своими разработками и сериями продукции в сфере систем хранения данных. В свое время подобным удивлением стала линейка WD Blue, ярким представителем которой является накопитель WD10EZEX. Данная модель представляет собой сбалансированное в аспектах производительности, уровней шума и энергопотребления решение. Она характеризуется более высокими показателями производительности, нежели ее предшественники, чего удалось достичь посредством реализации нескольких модификаций, в первую очередь, использования одной пластины вместо двух по 512 Гб.', 3760, 10, 3, 15),
       (45, '2023-03-20 10:15:30.55', 'Жесткий диск Seagate Barracuda 4 Tb', 'SATA III 6 Gb/s / 3.5" / 5400 rpm / 256 Mb', 'Компания Seagate Russia является надежным официальным дилером продукции Seagate (Сигейт) - известного производителя жестких дисков, твердотельных и гибридных накопителей для хранения данных, одного из мировых лидеров в этой области. Бренд, которому доверяют хранение составляющих жизни: файлов и фотографий, библиотек, историй и новейших научных данных. Наш каталог продукции включает жёсткие диски и решения для хранения данных, а именно жесткие диски HDD, SSD твердотельные накопители, внешние жесткие диски, внешние SSD.', 7750, 10, 3, 16),
       (46, '2023-03-20 10:15:30.55', 'Жесткий диск Western Digital WD20EZBX 2 Tb', 'SATA III 6 Gb/s / 3.5" / 7200 rpm / 256 Mb', 'Компания Western Digital неоднократно удивляла пользователей своими разработками и сериями продукции в сфере систем хранения данных. В свое время подобным удивлением стала линейка WD Blue, ярким представителем которой является накопитель WD10EZEX. Данная модель представляет собой сбалансированное в аспектах производительности, уровней шума и энергопотребления решение. Она характеризуется более высокими показателями производительности, нежели ее предшественники, чего удалось достичь посредством реализации нескольких модификаций, в первую очередь, использования одной пластины вместо двух по 512 Гб.', 4740, 10, 3, 15),
       (47, '2023-03-20 10:15:30.55', 'Жесткий диск Seagate ST1000DM010 1 Tb', 'SATA III 6 Gb/s / 3.5" / 7200 rpm / 64 Mb', 'Необходимость в увеличении свободного места - одна из проблем, которая рано или поздно встает перед каждым пользователем. К примеру, вы включаете ПК с мыслью о том, чтобы было бы неплохо скачать свежий фильм или же установить новую игру. И тут вы вдруг обнаруживаете, что свободного на жестком диске больше не осталось. Можно, конечно, удалить что-нибудь не шибко нужное, но надолго ли вам хватит расчищенного пространства? Поэтому рекомендуем вам незамедлительно приобрести себе новый диск, нежели каждый раз искать какие-то компромиссы при возникновении подобных потребностей.Данная модель может похвастаться высокой скоростью вращения шпинделя и большим размером кэша. Поэтому передача данных будет проходить на относительно высокой скорости.', 3620, 10, 3, 16);

INSERT product_images (id, file_path, src, product_id)
VALUES (1, 'C:\\Atractor\\WorkTable\\magazin\\src\\main\\resources\\static\\images\\products\\monitors\\C27F390FHI-1.jpg', 'images/products/monitors/C27F390FHI-1.jpg', 1),
       (2, 'C:\\Atractor\\WorkTable\\magazin\\src\\main\\resources\\static\\images\\products\\monitors\\C27F390FHI-2.jpg', 'images/products/monitors/C27F390FHI-2.jpg', 1),
       (3, 'C:\\Atractor\\WorkTable\\magazin\\src\\main\\resources\\static\\images\\products\\monitors\\C27F390FHI-3.jpg', 'images/products/monitors/C27F390FHI-3.jpg', 1),
       (4, 'C:\\Atractor\\WorkTable\\magazin\\src\\main\\resources\\static\\images\\products\\monitors\\C27F390FHI-4.jpg', 'images/products/monitors/C27F390FHI-4.jpg', 1),
       (5, 'C:\\Atractor\\WorkTable\\magazin\\src\\main\\resources\\static\\images\\products\\monitors\\C27F390FHI-1.jpg', 'images/products/monitors/C27F390FHI-1.jpg', 2),
       (6, 'C:\\Atractor\\WorkTable\\magazin\\src\\main\\resources\\static\\images\\products\\monitors\\C27F390FHI-2.jpg', 'images/products/monitors/C27F390FHI-2.jpg', 2),
       (7, 'C:\\Atractor\\WorkTable\\magazin\\src\\main\\resources\\static\\images\\products\\monitors\\C27F390FHI-3.jpg', 'images/products/monitors/C27F390FHI-3.jpg', 2),
       (8, 'C:\\Atractor\\WorkTable\\magazin\\src\\main\\resources\\static\\images\\products\\monitors\\C27F390FHI-4.jpg', 'images/products/monitors/C27F390FHI-4.jpg', 2),
       (9, 'C:\\Atractor\\WorkTable\\magazin\\src\\main\\resources\\static\\images\\products\\monitors\\LS32BM801UIXCI-1.jpg', 'images/products/monitors/LS32BM801UIXCI-1.jpg', 3),
       (10, 'C:\\Atractor\\WorkTable\\magazin\\src\\main\\resources\\static\\images\\products\\monitors\\LS32BM801UIXCI-2.jpg', 'images/products/monitors/LS32BM801UIXCI-2.jpg', 3),
       (11, 'C:\\Atractor\\WorkTable\\magazin\\src\\main\\resources\\static\\images\\products\\monitors\\LS32BM801UIXCI-3.jpg', 'images/products/monitors/LS32BM801UIXCI-3.jpg', 3),
       (12, 'C:\\Atractor\\WorkTable\\magazin\\src\\main\\resources\\static\\images\\products\\monitors\\LS32BM801UIXCI-4.jpg', 'images/products/monitors/LS32BM801UIXCI-4.jpg', 3),
       (13, 'C:\\Atractor\\WorkTable\\magazin\\src\\main\\resources\\static\\images\\products\\monitors\\C32G55TQBI-1.jpg', 'images/products/monitors/LS32BM801UIXCI-1.jpg', 4),
       (14, 'C:\\Atractor\\WorkTable\\magazin\\src\\main\\resources\\static\\images\\products\\monitors\\C32G55TQBI-2.jpg', 'images/products/monitors/C32G55TQBI-2.jpg', 4),
       (16, 'C:\\Atractor\\WorkTable\\magazin\\src\\main\\resources\\static\\images\\products\\monitors\\C32G55TQBI-3.jpg', 'images/products/monitors/C32G55TQBI-3.jpg', 4),
       (17, 'C:\\Atractor\\WorkTable\\magazin\\src\\main\\resources\\static\\images\\products\\monitors\\C32G55TQBI-4.jpg', 'images/products/monitors/C32G55TQBI-4.jpg', 4),
       (18, 'C:\\Atractor\\WorkTable\\magazin\\src\\main\\resources\\static\\images\\products\\monitors\\243V7QDAB-1.jpg', 'images/products/monitors/243V7QDAB-1.jpg', 5),
       (19, 'C:\\Atractor\\WorkTable\\magazin\\src\\main\\resources\\static\\images\\products\\monitors\\243V7QDAB-2.jpg', 'images/products/monitors/243V7QDAB-2.jpg', 5),
       (20, 'C:\\Atractor\\WorkTable\\magazin\\src\\main\\resources\\static\\images\\products\\monitors\\243V7QDAB-3.jpg', 'images/products/monitors/243V7QDAB-3.jpg', 5),
       (21, 'C:\\Atractor\\WorkTable\\magazin\\src\\main\\resources\\static\\images\\products\\monitors\\243V7QDAB-4.jpg', 'images/products/monitors/243V7QDAB-4.jpg', 5),
       (22, 'C:\\Atractor\\WorkTable\\magazin\\src\\main\\resources\\static\\images\\products\\monitors\\243V7QDAB1-1.jpg', 'images/products/monitors/243V7QDAB1-1.jpg', 6),
       (23, 'C:\\Atractor\\WorkTable\\magazin\\src\\main\\resources\\static\\images\\products\\monitors\\243V7QDAB1-2.jpg', 'images/products/monitors/243V7QDAB1-2.jpg', 6),
       (24, 'C:\\Atractor\\WorkTable\\magazin\\src\\main\\resources\\static\\images\\products\\monitors\\243V7QDAB1-3.jpg', 'images/products/monitors/243V7QDAB1-3.jpg', 6),
       (25, 'C:\\Atractor\\WorkTable\\magazin\\src\\main\\resources\\static\\images\\products\\monitors\\243V7QDAB1-4.jpg', 'images/products/monitors/243V7QDAB1-4.jpg', 6),
       (26, 'C:\\Atractor\\WorkTable\\magazin\\src\\main\\resources\\static\\images\\products\\monitors\\C32G55TQBI-1.jpg', 'images/products/monitors/C32G55TQBI-1.jpg', 7),
       (27, 'C:\\Atractor\\WorkTable\\magazin\\src\\main\\resources\\static\\images\\products\\monitors\\C32G55TQBI-2.jpg', 'images/products/monitors/C32G55TQBI-2.jpg', 7),
       (28, 'C:\\Atractor\\WorkTable\\magazin\\src\\main\\resources\\static\\images\\products\\monitors\\C32G55TQBI-3.jpg', 'images/products/monitors/C32G55TQBI-3.jpg', 7),
       (29, 'C:\\Atractor\\WorkTable\\magazin\\src\\main\\resources\\static\\images\\products\\monitors\\C32G55TQBI-4.jpg', 'images/products/monitors/C32G55TQBI-4.jpg', 7),
       (30, 'C:\\Atractor\\WorkTable\\magazin\\src\\main\\resources\\static\\images\\products\\monitors\\279P1_00-1.jpg', 'images/products/monitors/279P1_00-1.jpg', 8),
       (31, 'C:\\Atractor\\WorkTable\\magazin\\src\\main\\resources\\static\\images\\products\\monitors\\279P1_00-2.jpg', 'images/products/monitors/279P1_00-2.jpg', 8),
       (32, 'C:\\Atractor\\WorkTable\\magazin\\src\\main\\resources\\static\\images\\products\\monitors\\279P1_00-3.jpg', 'images/products/monitors/279P1_00-3.jpg', 8),
       (33, 'C:\\Atractor\\WorkTable\\magazin\\src\\main\\resources\\static\\images\\products\\monitors\\279P1_00-4.jpg', 'images/products/monitors/279P1_00-4.jpg', 8),
       (34, 'C:\\Atractor\\WorkTable\\magazin\\src\\main\\resources\\static\\images\\products\\monitors\\RMMNT27F-1.jpg', 'images/products/monitors/RMMNT27F-1.jpg', 9),
       (35, 'C:\\Atractor\\WorkTable\\magazin\\src\\main\\resources\\static\\images\\products\\monitors\\RMMNT27F-2.jpg', 'images/products/monitors/RMMNT27F-2.jpg', 9),
       (36, 'C:\\Atractor\\WorkTable\\magazin\\src\\main\\resources\\static\\images\\products\\monitors\\RMMNT27F-3.jpg', 'images/products/monitors/RMMNT27F-3.jpg', 9),
       (37, 'C:\\Atractor\\WorkTable\\magazin\\src\\main\\resources\\static\\images\\products\\monitors\\RMMNT27F-4.jpg', 'images/products/monitors/RMMNT27F-4.jpg', 9),
       (38, 'C:\\Atractor\\WorkTable\\magazin\\src\\main\\resources\\static\\images\\products\\monitors\\1C-1.jpg', 'images/products/monitors/1C-1.jpg', 10),
       (39, 'C:\\Atractor\\WorkTable\\magazin\\src\\main\\resources\\static\\images\\products\\monitors\\1C-2.jpg', 'images/products/monitors/1C-2.jpg', 10),
       (40, 'C:\\Atractor\\WorkTable\\magazin\\src\\main\\resources\\static\\images\\products\\monitors\\1C-3.jpg', 'images/products/monitors/1C-3.jpg', 10),
       (41, 'C:\\Atractor\\WorkTable\\magazin\\src\\main\\resources\\static\\images\\products\\monitors\\1C-4.jpg', 'images/products/monitors/1C-4.jpg', 10),
       (42, 'C:\\Atractor\\WorkTable\\magazin\\src\\main\\resources\\static\\images\\products\\monitors\\BHR5116GL-1.jpg', 'images/products/monitors/BHR5116GL-1.jpg', 11),
       (43, 'C:\\Atractor\\WorkTable\\magazin\\src\\main\\resources\\static\\images\\products\\monitors\\BHR5116GL-2.jpg', 'images/products/monitors/BHR5116GL-2.jpg', 11),
       (44, 'C:\\Atractor\\WorkTable\\magazin\\src\\main\\resources\\static\\images\\products\\monitors\\BHR5116GL-3.jpg', 'images/products/monitors/BHR5116GL-3.jpg', 11),
       (45, 'C:\\Atractor\\WorkTable\\magazin\\src\\main\\resources\\static\\images\\products\\monitors\\BHR5116GL-4.jpg', 'images/products/monitors/BHR5116GL-4.jpg', 11),
       (46, 'C:\\Atractor\\WorkTable\\magazin\\src\\main\\resources\\static\\images\\products\\monitors\\E2270SWDN-1.jpg', 'images/products/monitors/E2270SWDN-1.jpg', 12),
       (47, 'C:\\Atractor\\WorkTable\\magazin\\src\\main\\resources\\static\\images\\products\\monitors\\E2270SWDN-2.jpg', 'images/products/monitors/E2270SWDN-2.jpg', 12),
       (48, 'C:\\Atractor\\WorkTable\\magazin\\src\\main\\resources\\static\\images\\products\\monitors\\E2270SWDN-3.jpg', 'images/products/monitors/E2270SWDN-3.jpg', 12),
       (49, 'C:\\Atractor\\WorkTable\\magazin\\src\\main\\resources\\static\\images\\products\\monitors\\E2270SWDN-4.jpg', 'images/products/monitors/E2270SWDN-4.jpg', 12),
       (50, 'C:\\Atractor\\WorkTable\\magazin\\src\\main\\resources\\static\\images\\products\\monitors\\Q24V4EA-1.jpg', 'images/products/monitors/Q24V4EA-1.jpg', 13),
       (51, 'C:\\Atractor\\WorkTable\\magazin\\src\\main\\resources\\static\\images\\products\\monitors\\Q24V4EA-2.jpg', 'images/products/monitors/Q24V4EA-2.jpg', 13),
       (52, 'C:\\Atractor\\WorkTable\\magazin\\src\\main\\resources\\static\\images\\products\\monitors\\Q24V4EA-3.jpg', 'images/products/monitors/Q24V4EA-3.jpg', 13),
       (53, 'C:\\Atractor\\WorkTable\\magazin\\src\\main\\resources\\static\\images\\products\\monitors\\Q24V4EA-4.jpg', 'images/products/monitors/Q24V4EA-4.jpg', 13),
       (54, 'C:\\Atractor\\WorkTable\\magazin\\src\\main\\resources\\static\\images\\products\\monitors\\VA27AQSB-1.jpg', 'images/products/monitors/VA27AQSB-1.jpg', 14),
       (55, 'C:\\Atractor\\WorkTable\\magazin\\src\\main\\resources\\static\\images\\products\\monitors\\VA27AQSB-2.jpg', 'images/products/monitors/VA27AQSB-2.jpg', 14),
       (56, 'C:\\Atractor\\WorkTable\\magazin\\src\\main\\resources\\static\\images\\products\\monitors\\VA27AQSB-3.jpg', 'images/products/monitors/VA27AQSB-3.jpg', 14),
       (57, 'C:\\Atractor\\WorkTable\\magazin\\src\\main\\resources\\static\\images\\products\\monitors\\VA27AQSB-4.jpg', 'images/products/monitors/VA27AQSB-4.jpg', 14),
       (58, 'C:\\Atractor\\WorkTable\\magazin\\src\\main\\resources\\static\\images\\products\\monitors\\VG27AQL1A-1.jpg', 'images/products/monitors/VG27AQL1A-1.jpg', 15),
       (59, 'C:\\Atractor\\WorkTable\\magazin\\src\\main\\resources\\static\\images\\products\\monitors\\VG27AQL1A-2.jpg', 'images/products/monitors/VG27AQL1A-2.jpg', 15),
       (60, 'C:\\Atractor\\WorkTable\\magazin\\src\\main\\resources\\static\\images\\products\\monitors\\VG27AQL1A-3.jpg', 'images/products/monitors/VG27AQL1A-3.jpg', 15),
       (61, 'C:\\Atractor\\WorkTable\\magazin\\src\\main\\resources\\static\\images\\products\\monitors\\VG27AQL1A-4.jpg', 'images/products/monitors/VG27AQL1A-4.jpg', 15),
       (62, 'C:\\Atractor\\WorkTable\\magazin\\src\\main\\resources\\static\\images\\products\\monitors\\XL2411K-1.jpg', 'images/products/monitors/XL2411K-1.jpg', 16),
       (63, 'C:\\Atractor\\WorkTable\\magazin\\src\\main\\resources\\static\\images\\products\\monitors\\XL2411K-2.jpg', 'images/products/monitors/XL2411K-2.jpg', 16),
       (64, 'C:\\Atractor\\WorkTable\\magazin\\src\\main\\resources\\static\\images\\products\\monitors\\XL2411K-3.jpg', 'images/products/monitors/XL2411K-3.jpg', 16),
       (65, 'C:\\Atractor\\WorkTable\\magazin\\src\\main\\resources\\static\\images\\products\\monitors\\XL2411K-4.jpg', 'images/products/monitors/XL2411K-4.jpg', 16),
       (66, 'C:\\Atractor\\WorkTable\\magazin\\src\\main\\resources\\static\\images\\products\\monitors\\PD2700Q-1.jpg', 'images/products/monitors/PD2700Q-1.jpg', 17),
       (67, 'C:\\Atractor\\WorkTable\\magazin\\src\\main\\resources\\static\\images\\products\\monitors\\PD2700Q-1.jpg', 'images/products/monitors/PD2700Q-2.jpg', 17),
       (68, 'C:\\Atractor\\WorkTable\\magazin\\src\\main\\resources\\static\\images\\products\\monitors\\PD2700Q-1.jpg', 'images/products/monitors/PD2700Q-3.jpg', 17),
       (69, 'C:\\Atractor\\WorkTable\\magazin\\src\\main\\resources\\static\\images\\products\\monitors\\PD2700Q-1.jpg', 'images/products/monitors/PD2700Q-4.jpg', 17),
       (70, 'C:\\Atractor\\WorkTable\\magazin\\src\\main\\resources\\static\\images\\products\\monitors\\PD2700Q-1.jpg', 'images/products/monitors/PD2700Q-1.jpg', 18),
       (71, 'C:\\Atractor\\WorkTable\\magazin\\src\\main\\resources\\static\\images\\products\\monitors\\PD2700Q-2.jpg', 'images/products/monitors/PD2700Q-2.jpg', 18),
       (72, 'C:\\Atractor\\WorkTable\\magazin\\src\\main\\resources\\static\\images\\products\\monitors\\PD2700Q-3.jpg', 'images/products/monitors/PD2700Q-3.jpg', 18),
       (73, 'C:\\Atractor\\WorkTable\\magazin\\src\\main\\resources\\static\\images\\products\\monitors\\PD2700Q-4.jpg', 'images/products/monitors/PD2700Q-4.jpg', 18),
       (74, 'C:\\Atractor\\WorkTable\\magazin\\src\\main\\resources\\static\\images\\products\\monitors\\ZQE-CBA-1.jpg', 'images/products/monitors/ZQE-CBA-1.jpg', 19),
       (75, 'C:\\Atractor\\WorkTable\\magazin\\src\\main\\resources\\static\\images\\products\\monitors\\ZQE-CBA-2.jpg', 'images/products/monitors/ZQE-CBA-2.jpg', 19),
       (76, 'C:\\Atractor\\WorkTable\\magazin\\src\\main\\resources\\static\\images\\products\\monitors\\PD2700Q-3.jpg', 'images/products/monitors/ZQE-CBA-3.jpg', 19),
       (77, 'C:\\Atractor\\WorkTable\\magazin\\src\\main\\resources\\static\\images\\products\\monitors\\ZQE-CBA-4.jpg', 'images/products/monitors/ZQE-CBA-4.jpg', 19),
       (78, 'C:\\Atractor\\WorkTable\\magazin\\src\\main\\resources\\static\\images\\products\\monitors\\XU2792QSU-B1-1.jpg', 'images/products/monitors/XU2792QSU-B1-1.jpg', 20),
       (79, 'C:\\Atractor\\WorkTable\\magazin\\src\\main\\resources\\static\\images\\products\\monitors\\XU2792QSU-B1-2.jpg', 'images/products/monitors/XU2792QSU-B1-2.jpg', 20),
       (80, 'C:\\Atractor\\WorkTable\\magazin\\src\\main\\resources\\static\\images\\products\\monitors\\XU2792QSU-B1-3.jpg', 'images/products/monitors/XU2792QSU-B1-3.jpg', 20),
       (81, 'C:\\Atractor\\WorkTable\\magazin\\src\\main\\resources\\static\\images\\products\\monitors\\XU2792QSU-B1-4.jpg', 'images/products/monitors/XU2792QSU-B1-4.jpg', 20),
       (82, 'C:\\Atractor\\WorkTable\\magazin\\src\\main\\resources\\static\\images\\products\\monitors\\29WP500-B-1.jpg', 'images/products/monitors/29WP500-B-1.jpg', 21),
       (83, 'C:\\Atractor\\WorkTable\\magazin\\src\\main\\resources\\static\\images\\products\\monitors\\29WP500-B-2.jpg', 'images/products/monitors/29WP500-B-2.jpg', 21),
       (84, 'C:\\Atractor\\WorkTable\\magazin\\src\\main\\resources\\static\\images\\products\\monitors\\29WP500-B-3.jpg', 'images/products/monitors/29WP500-B-3.jpg', 21),
       (85, 'C:\\Atractor\\WorkTable\\magazin\\src\\main\\resources\\static\\images\\products\\monitors\\29WP500-B-4.jpg', 'images/products/monitors/29WP500-B-4.jpg', 21),
       (86, 'C:\\Atractor\\WorkTable\\magazin\\src\\main\\resources\\static\\images\\products\\motherboard\\Z790-1.jpg', 'images/products/motherboard/Z790-1.jpg', 22),
       (87, 'C:\\Atractor\\WorkTable\\magazin\\src\\main\\resources\\static\\images\\products\\motherboard\\Z790-2.jpg', 'images/products/motherboard/Z790-2.jpg', 22),
       (88, 'C:\\Atractor\\WorkTable\\magazin\\src\\main\\resources\\static\\images\\products\\motherboard\\Z790-3.jpg', 'images/products/motherboard/Z790-3.jpg', 22),
       (89, 'C:\\Atractor\\WorkTable\\magazin\\src\\main\\resources\\static\\images\\products\\motherboard\\Z790-4.jpg', 'images/products/motherboard/Z790-4.jpg', 22),
       (90, 'C:\\Atractor\\WorkTable\\magazin\\src\\main\\resources\\static\\images\\products\\motherboard\\Z490-A-1.jpg', 'images/products/motherboard/Z490-A-1.jpg', 23),
       (91, 'C:\\Atractor\\WorkTable\\magazin\\src\\main\\resources\\static\\images\\products\\motherboard\\Z490-A-2.jpg', 'images/products/motherboard/Z490-A-2.jpg', 23),
       (92, 'C:\\Atractor\\WorkTable\\magazin\\src\\main\\resources\\static\\images\\products\\motherboard\\Z490-A-3.jpg', 'images/products/motherboard/Z490-A-3.jpg', 23),
       (93, 'C:\\Atractor\\WorkTable\\magazin\\src\\main\\resources\\static\\images\\products\\motherboard\\Z490-A-4.jpg', 'images/products/motherboard/Z490-A-4.jpg', 23),
       (94, 'C:\\Atractor\\WorkTable\\magazin\\src\\main\\resources\\static\\images\\products\\motherboard\\A520M-1.jpg', 'images/products/motherboard/A520M-1.jpg', 24),
       (95, 'C:\\Atractor\\WorkTable\\magazin\\src\\main\\resources\\static\\images\\products\\motherboard\\A520M-2.jpg', 'images/products/motherboard/A520M-2.jpg', 24),
       (96, 'C:\\Atractor\\WorkTable\\magazin\\src\\main\\resources\\static\\images\\products\\motherboard\\A520M-3.jpg', 'images/products/motherboard/A520M-3.jpg', 24),
       (97, 'C:\\Atractor\\WorkTable\\magazin\\src\\main\\resources\\static\\images\\products\\motherboard\\A520M-4.jpg', 'images/products/motherboard/A520M-4.jpg', 24),
       (98, 'C:\\Atractor\\WorkTable\\magazin\\src\\main\\resources\\static\\images\\products\\motherboard\\B450-1.jpg', 'images/products/motherboard/B450-1.jpg', 25),
       (99, 'C:\\Atractor\\WorkTable\\magazin\\src\\main\\resources\\static\\images\\products\\motherboard\\B450-2.jpg', 'images/products/motherboard/B450-2.jpg', 25),
       (100, 'C:\\Atractor\\WorkTable\\magazin\\src\\main\\resources\\static\\images\\products\\motherboard\\B450-3.jpg', 'images/products/motherboard/B450-3.jpg', 25),
       (101, 'C:\\Atractor\\WorkTable\\magazin\\src\\main\\resources\\static\\images\\products\\motherboard\\B450-4.jpg', 'images/products/motherboard/B450-4.jpg', 25),
       (102, 'C:\\Atractor\\WorkTable\\magazin\\src\\main\\resources\\static\\images\\products\\motherboard\\D1800M-1.jpg', 'images/products/motherboard/D1800M-1.jpg', 26),
       (103, 'C:\\Atractor\\WorkTable\\magazin\\src\\main\\resources\\static\\images\\products\\motherboard\\D1800M-2.jpg', 'images/products/motherboard/D1800M-2.jpg', 26),
       (104, 'C:\\Atractor\\WorkTable\\magazin\\src\\main\\resources\\static\\images\\products\\motherboard\\D1800M-3.jpg', 'images/products/motherboard/D1800M-3.jpg', 26),
       (105, 'C:\\Atractor\\WorkTable\\magazin\\src\\main\\resources\\static\\images\\products\\motherboard\\D1800M-4.jpg', 'images/products/motherboard/D1800M-4.jpg', 26),
       (106, 'C:\\Atractor\\WorkTable\\magazin\\src\\main\\resources\\static\\images\\products\\motherboard\\B660-F-1.jpg', 'images/products/motherboard/B660-F-1.jpg', 27),
       (107, 'C:\\Atractor\\WorkTable\\magazin\\src\\main\\resources\\static\\images\\products\\motherboard\\B660-F-2.jpg', 'images/products/motherboard/B660-F-2.jpg', 27),
       (108, 'C:\\Atractor\\WorkTable\\magazin\\src\\main\\resources\\static\\images\\products\\motherboard\\B660-F-3.jpg', 'images/products/motherboard/B660-F-3.jpg', 27),
       (109, 'C:\\Atractor\\WorkTable\\magazin\\src\\main\\resources\\static\\images\\products\\motherboard\\B660-F-4.jpg', 'images/products/motherboard/B660-F-4.jpg', 27),
       (110, 'C:\\Atractor\\WorkTable\\magazin\\src\\main\\resources\\static\\images\\products\\motherboard\\Z690-EXTREME-1.jpg', 'images/products/motherboard/Z690-EXTREME-1.jpg', 28),
       (111, 'C:\\Atractor\\WorkTable\\magazin\\src\\main\\resources\\static\\images\\products\\motherboard\\Z690-EXTREME-2.jpg', 'images/products/motherboard/Z690-EXTREME-2.jpg', 28),
       (112, 'C:\\Atractor\\WorkTable\\magazin\\src\\main\\resources\\static\\images\\products\\motherboard\\Z690-EXTREME-3.jpg', 'images/products/motherboard/Z690-EXTREME-3.jpg', 28),
       (113, 'C:\\Atractor\\WorkTable\\magazin\\src\\main\\resources\\static\\images\\products\\motherboard\\Z690-EXTREME-4.jpg', 'images/products/motherboard/Z690-EXTREME-4.jpg', 28),
       (114, 'C:\\Atractor\\WorkTable\\magazin\\src\\main\\resources\\static\\images\\products\\processor\\12400F-1.jpg', 'images/products/processor/12400F-1.jpg', 29),
       (115, 'C:\\Atractor\\WorkTable\\magazin\\src\\main\\resources\\static\\images\\products\\processor\\12400F-2.jpg', 'images/products/processor/12400F-2.jpg', 29),
       (116, 'C:\\Atractor\\WorkTable\\magazin\\src\\main\\resources\\static\\images\\products\\processor\\12400F-3.jpg', 'images/products/processor/12400F-3.jpg', 29),
       (117, 'C:\\Atractor\\WorkTable\\magazin\\src\\main\\resources\\static\\images\\products\\processor\\12400F-4.jpg', 'images/products/processor/12400F-4.jpg', 29),
       (118, 'C:\\Atractor\\WorkTable\\magazin\\src\\main\\resources\\static\\images\\products\\processor\\10400F-1.jpg-1.jpg', 'images/products/processor/10400F-1.jpg', 30),
       (119, 'C:\\Atractor\\WorkTable\\magazin\\src\\main\\resources\\static\\images\\products\\processor\\10400F-2.jpg', 'images/products/processor/10400F-2.jpg', 30),
       (120, 'C:\\Atractor\\WorkTable\\magazin\\src\\main\\resources\\static\\images\\products\\processor\\10400F-3.jpg', 'images/products/processor/10400F-3.jpg', 30),
       (121, 'C:\\Atractor\\WorkTable\\magazin\\src\\main\\resources\\static\\images\\products\\processor\\10400F-4.jpg', 'images/products/processor/10400F-4.jpg', 30),
       (122, 'C:\\Atractor\\WorkTable\\magazin\\src\\main\\resources\\static\\images\\products\\processor\\12100F-1.jpg', 'images/products/processor/12100F-1.jpg', 31),
       (123, 'C:\\Atractor\\WorkTable\\magazin\\src\\main\\resources\\static\\images\\products\\processor\\12100F-2.jpg', 'images/products/processor/12100F-2.jpg', 31),
       (124, 'C:\\Atractor\\WorkTable\\magazin\\src\\main\\resources\\static\\images\\products\\processor\\12100F-3.jpg', 'images/products/processor/12100F-3.jpg', 31),
       (125, 'C:\\Atractor\\WorkTable\\magazin\\src\\main\\resources\\static\\images\\products\\processor\\12100F-4.jpg', 'images/products/processor/12100F-4.jpg', 31),
       (126, 'C:\\Atractor\\WorkTable\\magazin\\src\\main\\resources\\static\\images\\products\\processor\\10105F-1.jpg', 'images/products/processor/10105F-1.jpg', 32),
       (127, 'C:\\Atractor\\WorkTable\\magazin\\src\\main\\resources\\static\\images\\products\\processor\\10105F-2.jpg', 'images/products/processor/10105F-2.jpg', 32),
       (128, 'C:\\Atractor\\WorkTable\\magazin\\src\\main\\resources\\static\\images\\products\\processor\\10105F-3.jpg', 'images/products/processor/10105F-3.jpg', 32),
       (129, 'C:\\Atractor\\WorkTable\\magazin\\src\\main\\resources\\static\\images\\products\\processor\\10105F-4.jpg', 'images/products/processor/10105F-4.jpg', 32),
       (130, 'C:\\Atractor\\WorkTable\\magazin\\src\\main\\resources\\static\\images\\products\\processor\\6700-1.jpg', 'images/products/processor/6700-1.jpg', 33),
       (131, 'C:\\Atractor\\WorkTable\\magazin\\src\\main\\resources\\static\\images\\products\\processor\\6700-2.jpg', 'images/products/processor/6700-2.jpg', 33),
       (132, 'C:\\Atractor\\WorkTable\\magazin\\src\\main\\resources\\static\\images\\products\\processor\\6700-3.jpg', 'images/products/processor/6700-3.jpg', 33),
       (133, 'C:\\Atractor\\WorkTable\\magazin\\src\\main\\resources\\static\\images\\products\\processor\\6700-4.jpg', 'images/products/processor/6700-4.jpg', 33),
       (134, 'C:\\Atractor\\WorkTable\\magazin\\src\\main\\resources\\static\\images\\products\\processor\\10700KF-1.jpg', 'images/products/processor/10700KF-1.jpg', 34),
       (135, 'C:\\Atractor\\WorkTable\\magazin\\src\\main\\resources\\static\\images\\products\\processor\\10700KF-2.jpg', 'images/products/processor/10700KF-2.jpg', 34),
       (136, 'C:\\Atractor\\WorkTable\\magazin\\src\\main\\resources\\static\\images\\products\\processor\\10700KF-3.jpg', 'images/products/processor/10700KF-3.jpg', 34),
       (137, 'C:\\Atractor\\WorkTable\\magazin\\src\\main\\resources\\static\\images\\products\\processor\\10700KF-4.jpg', 'images/products/processor/10700KF-4.jpg', 34),
       (138, 'C:\\Atractor\\WorkTable\\magazin\\src\\main\\resources\\static\\images\\products\\processor\\5600G-1.jpg', 'images/products/processor/5600G-1.jpg', 35),
       (139, 'C:\\Atractor\\WorkTable\\magazin\\src\\main\\resources\\static\\images\\products\\processor\\5600G-2.jpg', 'images/products/processor/5600G-2.jpg', 35),
       (140, 'C:\\Atractor\\WorkTable\\magazin\\src\\main\\resources\\static\\images\\products\\processor\\5600G-3.jpg', 'images/products/processor/5600G-3.jpg', 35),
       (141, 'C:\\Atractor\\WorkTable\\magazin\\src\\main\\resources\\static\\images\\products\\processor\\5600G-4.jpg', 'images/products/processor/5600G-4.jpg', 35),
       (142, 'C:\\Atractor\\WorkTable\\magazin\\src\\main\\resources\\static\\images\\products\\processor\\3600--1.jpg', 'images/products/processor/3600-1.jpg', 36),
       (143, 'C:\\Atractor\\WorkTable\\magazin\\src\\main\\resources\\static\\images\\products\\processor\\3600-2.jpg', 'images/products/processor/3600-2.jpg', 36),
       (144, 'C:\\Atractor\\WorkTable\\magazin\\src\\main\\resources\\static\\images\\products\\processor\\3600-3.jpg', 'images/products/processor/3600-3.jpg', 36),
       (145, 'C:\\Atractor\\WorkTable\\magazin\\src\\main\\resources\\static\\images\\products\\processor\\3600-4.jpg', 'images/products/processor/3600-4.jpg', 36),
       (146, 'C:\\Atractor\\WorkTable\\magazin\\src\\main\\resources\\static\\images\\products\\processor\\3600-1.jpg', 'images/products/processor/3600-1.jpg', 37),
       (147, 'C:\\Atractor\\WorkTable\\magazin\\src\\main\\resources\\static\\images\\products\\processor\\3600-2.jpg', 'images/products/processor/3600-2.jpg', 37),
       (148, 'C:\\Atractor\\WorkTable\\magazin\\src\\main\\resources\\static\\images\\products\\processor\\3600-3.jpg', 'images/products/processor/3600-3.jpg', 37),
       (149, 'C:\\Atractor\\WorkTable\\magazin\\src\\main\\resources\\static\\images\\products\\processor\\3600-4.jpg', 'images/products/processor/3600-4.jpg', 37),
       (150, 'C:\\Atractor\\WorkTable\\magazin\\src\\main\\resources\\static\\images\\products\\processor\\5800X-1jpg', 'images/products/processor/5800X-1.jpg', 38),
       (151, 'C:\\Atractor\\WorkTable\\magazin\\src\\main\\resources\\static\\images\\products\\processor\\5800X-2.jpg', 'images/products/processor/5800X-2.jpg', 38),
       (152, 'C:\\Atractor\\WorkTable\\magazin\\src\\main\\resources\\static\\images\\products\\processor\\5800X-3.jpg', 'images/products/processor/5800X-3.jpg', 38),
       (153, 'C:\\Atractor\\WorkTable\\magazin\\src\\main\\resources\\static\\images\\products\\processor\\5800X-4.jpg', 'images/products/processor/5800X-4.jpg', 38),
       (154, 'C:\\Atractor\\WorkTable\\magazin\\src\\main\\resources\\static\\images\\products\\processor\\7600X-1jpg', 'images/products/processor/7600X-1.jpg', 39),
       (155, 'C:\\Atractor\\WorkTable\\magazin\\src\\main\\resources\\static\\images\\products\\processor\\7600X-2.jpg', 'images/products/processor/7600X-2.jpg', 39),
       (156, 'C:\\Atractor\\WorkTable\\magazin\\src\\main\\resources\\static\\images\\products\\processor\\7600X-3.jpg', 'images/products/processor/7600X-3.jpg', 39),
       (157, 'C:\\Atractor\\WorkTable\\magazin\\src\\main\\resources\\static\\images\\products\\processor\\7600X-4.jpg', 'images/products/processor/7600X-4.jpg', 39),
       (158, 'C:\\Atractor\\WorkTable\\magazin\\src\\main\\resources\\static\\images\\products\\video\\3060-1jpg', 'images/products/video/3060-1.jpg', 40),
       (159, 'C:\\Atractor\\WorkTable\\magazin\\src\\main\\resources\\static\\images\\products\\video\\3060-2.jpg', 'images/products/video/3060-2.jpg', 40),
       (160, 'C:\\Atractor\\WorkTable\\magazin\\src\\main\\resources\\static\\images\\products\\video\\3060-3.jpg', 'images/products/video/3060-3.jpg', 40),
       (161, 'C:\\Atractor\\WorkTable\\magazin\\src\\main\\resources\\static\\images\\products\\video\\3060-4.jpg', 'images/products/video/3060-4.jpg', 40),
       (162, 'C:\\Atractor\\WorkTable\\magazin\\src\\main\\resources\\static\\images\\products\\video\\4070-1jpg', 'images/products/video/4070-1.jpg', 41),
       (163, 'C:\\Atractor\\WorkTable\\magazin\\src\\main\\resources\\static\\images\\products\\video\\4070-2.jpg', 'images/products/video/4070-2.jpg', 41),
       (164, 'C:\\Atractor\\WorkTable\\magazin\\src\\main\\resources\\static\\images\\products\\video\\4070-3.jpg', 'images/products/video/4070-3.jpg', 41),
       (165, 'C:\\Atractor\\WorkTable\\magazin\\src\\main\\resources\\static\\images\\products\\video\\4070-4.jpg', 'images/products/video/4070-4.jpg', 41),
       (166, 'C:\\Atractor\\WorkTable\\magazin\\src\\main\\resources\\static\\images\\products\\video\\1660-1jpg', 'images/products/video/1660-1.jpg', 42),
       (167, 'C:\\Atractor\\WorkTable\\magazin\\src\\main\\resources\\static\\images\\products\\video\\1660-2.jpg', 'images/products/video/1660-2.jpg', 42),
       (168, 'C:\\Atractor\\WorkTable\\magazin\\src\\main\\resources\\static\\images\\products\\video\\1660-3.jpg', 'images/products/video/1660-3.jpg', 42),
       (169, 'C:\\Atractor\\WorkTable\\magazin\\src\\main\\resources\\static\\images\\products\\video\\1660-4.jpg', 'images/products/video/1660-4.jpg', 42),
       (170, 'C:\\Atractor\\WorkTable\\magazin\\src\\main\\resources\\static\\images\\products\\video\\1050-1jpg', 'images/products/video/1050-1.jpg', 43),
       (171, 'C:\\Atractor\\WorkTable\\magazin\\src\\main\\resources\\static\\images\\products\\video\\1050-2.jpg', 'images/products/video/1050-2.jpg', 43),
       (172, 'C:\\Atractor\\WorkTable\\magazin\\src\\main\\resources\\static\\images\\products\\video\\1050-3.jpg', 'images/products/video/1050-3.jpg', 43),
       (173, 'C:\\Atractor\\WorkTable\\magazin\\src\\main\\resources\\static\\images\\products\\video\\1050-4.jpg', 'images/products/video/1050-4.jpg', 43),
       (174, 'C:\\Atractor\\WorkTable\\magazin\\src\\main\\resources\\static\\images\\products\\hard\\WD10EZEX-1jpg', 'images/products/hard/WD10EZEX-1.jpg', 44),
       (175, 'C:\\Atractor\\WorkTable\\magazin\\src\\main\\resources\\static\\images\\products\\hard\\WD10EZEX-2.jpg', 'images/products/hard/WD10EZEX-2.jpg', 44),
       (176, 'C:\\Atractor\\WorkTable\\magazin\\src\\main\\resources\\static\\images\\products\\hard\\WD10EZEX-3.jpg', 'images/products/hard/WD10EZEX-3.jpg', 44),
       (177, 'C:\\Atractor\\WorkTable\\magazin\\src\\main\\resources\\static\\images\\products\\hard\\WD10EZEX-4.jpg', 'images/products/hard/WD10EZEX-4.jpg', 44),
       (178, 'C:\\Atractor\\WorkTable\\magazin\\src\\main\\resources\\static\\images\\products\\hard\\WD10EZEX-1jpg', 'images/products/hard/WD10EZEX-1.jpg', 45),
       (179, 'C:\\Atractor\\WorkTable\\magazin\\src\\main\\resources\\static\\images\\products\\hard\\WD10EZEX-2.jpg', 'images/products/hard/WD10EZEX-2.jpg', 45),
       (180, 'C:\\Atractor\\WorkTable\\magazin\\src\\main\\resources\\static\\images\\products\\hard\\WD10EZEX-3.jpg', 'images/products/hard/WD10EZEX-3.jpg', 45),
       (181, 'C:\\Atractor\\WorkTable\\magazin\\src\\main\\resources\\static\\images\\products\\hard\\WD10EZEX-4.jpg', 'images/products/hard/WD10EZEX-4.jpg', 45),
       (182, 'C:\\Atractor\\WorkTable\\magazin\\src\\main\\resources\\static\\images\\products\\hard\\WD20EZBX-1jpg', 'images/products/hard/WD20EZBX-1.jpg', 46),
       (183, 'C:\\Atractor\\WorkTable\\magazin\\src\\main\\resources\\static\\images\\products\\hard\\WD20EZBX-2.jpg', 'images/products/hard/WD20EZBX-2.jpg', 46),
       (184, 'C:\\Atractor\\WorkTable\\magazin\\src\\main\\resources\\static\\images\\products\\hard\\WD20EZBX-3.jpg', 'images/products/hard/WD20EZBX-3.jpg', 46),
       (185, 'C:\\Atractor\\WorkTable\\magazin\\src\\main\\resources\\static\\images\\products\\hard\\WD20EZBX-4.jpg', 'images/products/hard/WD20EZBX-4.jpg', 46),
       (186, 'C:\\Atractor\\WorkTable\\magazin\\src\\main\\resources\\static\\images\\products\\hard\\ST1000DM010-1jpg', 'images/products/hard/ST1000DM010-1.jpg', 47),
       (187, 'C:\\Atractor\\WorkTable\\magazin\\src\\main\\resources\\static\\images\\products\\hard\\ST1000DM010-2.jpg', 'images/products/hard/ST1000DM010-2.jpg', 47),
       (188, 'C:\\Atractor\\WorkTable\\magazin\\src\\main\\resources\\static\\images\\products\\hard\\ST1000DM010-3.jpg', 'images/products/hard/ST1000DM010-3.jpg', 47),
       (189, 'C:\\Atractor\\WorkTable\\magazin\\src\\main\\resources\\static\\images\\products\\hard\\ST1000DM010-4.jpg', 'images/products/hard/ST1000DM010-4.jpg', 47);

INSERT orders_products (order_id, product_id)
VALUES (1, 41),
       (1, 5),
       (1, 17),
       (1, 29),
       (1, 33),
       (1, 4),
       (1, 7),
       (1, 35),
       (1, 38),
       (2, 11),
       (2, 21),
       (2, 26),
       (2, 30),
       (2, 3),
       (2, 36),
       (2, 43),
       (2, 28),
       (2, 26),
       (2, 17),
       (2, 20),
       (2, 42),
       (2, 27),
       (2, 34),
       (2, 23),
       (2, 32),
       (2, 45),
       (2, 13),
       (2, 17),
       (2, 5),
       (2, 5),
       (2, 35),
       (2, 11),
       (2, 6),
       (3, 41),
       (3, 15),
       (3, 11),
       (3, 14),
       (3, 33),
       (3, 34),
       (3, 7),
       (3, 5),
       (3, 19),
       (3, 21),
       (3, 41),
       (3, 40),
       (3, 33),
       (3, 24),
       (3, 40),
       (3, 2),
       (3, 47),
       (3, 9),
       (3, 10),
       (3, 35),
       (3, 16),
       (3, 29),
       (3, 9),
       (4, 13),
       (4, 31),
       (4, 46),
       (4, 15),
       (4, 2),
       (4, 33),
       (4, 12),
       (4, 23),
       (4, 3),
       (4, 3),
       (4, 14),
       (4, 32),
       (4, 3),
       (4, 44),
       (4, 10),
       (4, 17),
       (4, 28),
       (4, 30),
       (4, 19),
       (4, 20),
       (4, 29),
       (4, 10),
       (5, 43),
       (5, 25),
       (5, 41),
       (5, 20),
       (5, 21),
       (5, 13),
       (5, 5),
       (5, 38),
       (5, 24),
       (5, 12),
       (5, 37),
       (5, 14),
       (5, 23),
       (5, 4),
       (5, 27),
       (5, 11),
       (5, 36),
       (5, 15),
       (5, 22),
       (5, 1),
       (5, 12),
       (5, 14),
       (6, 10),
       (6, 35),
       (6, 42),
       (6, 25),
       (6, 3),
       (6, 7),
       (7, 25),
       (7, 25),
       (7, 8),
       (7, 21),
       (7, 34),
       (7, 16),
       (7, 4),
       (7, 46),
       (7, 28),
       (7, 30),
       (7, 6),
       (7, 26),
       (7, 4),
       (7, 2),
       (7, 28),
       (7, 31),
       (7, 26),
       (8, 15),
       (8, 1),
       (8, 47),
       (8, 30),
       (8, 6),
       (8, 5),
       (8, 34),
       (9, 40),
       (9, 25),
       (9, 1),
       (9, 41),
       (9, 33),
       (9, 4),
       (9, 1),
       (9, 23),
       (9, 22),
       (9, 35),
       (10, 43),
       (10, 44),
       (10, 33),
       (10, 31),
       (10, 46),
       (10, 39),
       (10, 3),
       (10, 38),
       (10, 26),
       (10, 45),
       (10, 36),
       (10, 31),
       (10, 28),
       (10, 30),
       (10, 42),
       (10, 41),
       (10, 36),
       (10, 18),
       (10, 30),
       (10, 23),
       (10, 42),
       (10, 15),
       (10, 25),
       (10, 47),
       (11, 7),
       (11, 28),
       (11, 23),
       (11, 26),
       (11, 23),
       (11, 22),
       (11, 4),
       (11, 31),
       (11, 37),
       (11, 24),
       (12, 21),
       (12, 47),
       (12, 17),
       (12, 4),
       (12, 20),
       (12, 4),
       (12, 22),
       (12, 11),
       (12, 23),
       (12, 6),
       (12, 22),
       (12, 5),
       (12, 30),
       (13, 40),
       (13, 33),
       (13, 6),
       (13, 32),
       (13, 5),
       (13, 24),
       (13, 7),
       (13, 38),
       (13, 2),
       (13, 16),
       (13, 40),
       (13, 22),
       (13, 20),
       (13, 8),
       (13, 40),
       (13, 36),
       (13, 4),
       (13, 23),
       (13, 5),
       (13, 15),
       (14, 43),
       (14, 42),
       (14, 36),
       (14, 16),
       (14, 37),
       (14, 47),
       (14, 14),
       (14, 25),
       (14, 1),
       (14, 30),
       (14, 38),
       (14, 2),
       (14, 16),
       (14, 22),
       (14, 37),
       (14, 46),
       (14, 3),
       (14, 22),
       (15, 29),
       (15, 20),
       (15, 31),
       (15, 22),
       (15, 4),
       (15, 14),
       (15, 41),
       (15, 2),
       (15, 4),
       (15, 39),
       (15, 26),
       (15, 41),
       (15, 16),
       (15, 6),
       (15, 27),
       (15, 38),
       (15, 38),
       (15, 3),
       (15, 27),
       (15, 46),
       (15, 46),
       (16, 46),
       (16, 42),
       (16, 40),
       (16, 18),
       (16, 18),
       (16, 30),
       (16, 4),
       (16, 29),
       (16, 1),
       (16, 10),
       (16, 43),
       (16, 29),
       (16, 4),
       (16, 22),
       (16, 25),
       (16, 9),
       (16, 33),
       (16, 14),
       (16, 36),
       (16, 38),
       (16, 29),
       (16, 5),
       (16, 19),
       (17, 38),
       (17, 5),
       (17, 35),
       (17, 39),
       (17, 38),
       (17, 21),
       (17, 16),
       (17, 47),
       (17, 22),
       (17, 31),
       (17, 3),
       (17, 27),
       (17, 39),
       (17, 11),
       (17, 26),
       (17, 33),
       (18, 45),
       (18, 16),
       (18, 6),
       (18, 18),
       (18, 15),
       (18, 38),
       (18, 19),
       (18, 28),
       (18, 43),
       (18, 38),
       (18, 44),
       (19, 25),
       (19, 13),
       (19, 39),
       (19, 37),
       (19, 2),
       (19, 10),
       (19, 47),
       (19, 11),
       (19, 39),
       (19, 34),
       (19, 11),
       (19, 34),
       (19, 33),
       (20, 43),
       (20, 2),
       (20, 1),
       (20, 9),
       (20, 11),
       (20, 31),
       (20, 12),
       (20, 24),
       (20, 19),
       (20, 5),
       (20, 4),
       (20, 46),
       (20, 45),
       (20, 18);

INSERT reviews (id, date_time, message, product_id, user_id)
VALUES (1, '2023-04-20 10:15:30.55', ' покупалась в подарок, так что, говоря о впечатлениях...лучше скажет цитата именинника :)', 1, 1),
       (2, '2023-05-20 10:15:30.55', ' Пришла без коробки, есть какие то повреждения, от куда взялись не понятно, не какой бумаги, может починили где то и отправили вообще незнаю что думать, ещё не проверял', 2, 1),
       (3, '2023-06-20 10:15:30.55', ' Переписывался в чате,принесли извенения и все Больше у них ничего заказывать не буду,отвратительный магазин.', 3, 1),
       (4, '2023-02-20 10:15:30.55', ' Пришла без коробки, есть какие то повреждения, от куда взялись не понятно, не какой бумаги, может починили где то и отправили вообще незнаю что думать, ещё не проверял', 4, 1),
       (5, '2023-04-10 10:15:30.55', ' товар соответствует заявленным характеристикам', 5, 1),
       (6, '2023-03-20 10:15:30.55', ' товар соответствует заявленным характеристикам', 6, 1),
       (7, '2023-03-10 10:15:30.55', ' Переписывался в чате,принесли извенения и все Больше у них ничего заказывать не буду,отвратительный магазин.', 7, 1),
       (8, '2023-03-12 10:15:30.55', ' Столкнулся с проблемой, при подключении через HDMI, после установки драйверов пропадало изображение исправляюсь только после удаления драйверов. Уже грешил на видеокарту, т.к кабель был новый. После нескольких попыток с разными версиями драйверов, все же нашёл и проверил с другим кабелем. Картинка появилась, но при подключении к другому монитору снова пришлось искать другой HDMI кабель.', 8, 1),
       (9, '2023-03-13 10:15:30.55', ' Переписывался в чате,принесли извенения и все Больше у них ничего заказывать не буду,отвратительный магазин.', 9, 1),
       (10, '2023-03-24 10:15:30.55', ' Переписывался в чате,принесли извенения и все Больше у них ничего заказывать не буду,отвратительный магазин.', 10, 1),
       (11, '2023-03-21 10:15:30.55', ' Столкнулся с проблемой, при подключении через HDMI, после установки драйверов пропадало изображение исправляюсь только после удаления драйверов. Уже грешил на видеокарту, т.к кабель был новый. После нескольких попыток с разными версиями драйверов, все же нашёл и проверил с другим кабелем. Картинка появилась, но при подключении к другому монитору снова пришлось искать другой HDMI кабель.', 11, 1),
       (12, '2023-03-24 10:15:30.55', ' Крутая карта все игрушки летают !!! Маленькая и не требует дополнительного питания и под нагрузкой даже не шумит вентилятором. Есть возможность передавать ресурс карты на работу приложений или отдельно отключать всё лишнее для игрушек. Функционал впечатляет )))', 12, 1),
       (13, '2023-03-26 10:15:30.55', ' Столкнулся с проблемой, при подключении через HDMI, после установки драйверов пропадало изображение исправляюсь только после удаления драйверов. Уже грешил на видеокарту, т.к кабель был новый. После нескольких попыток с разными версиями драйверов, все же нашёл и проверил с другим кабелем. Картинка появилась, но при подключении к другому монитору снова пришлось искать другой HDMI кабель.', 13, 1),
       (14, '2023-03-27 10:15:30.55', ' товар соответствует заявленным характеристикам', 14, 1),
       (15, '2023-03-20 10:15:30.55', ' Переписывался в чате,принесли извенения и все Больше у них ничего заказывать не буду,отвратительный магазин.', 15, 1),
       (16, '2023-03-20 10:15:30.55', ' Крутая карта все игрушки летают !!! Маленькая и не требует дополнительного питания и под нагрузкой даже не шумит вентилятором. Есть возможность передавать ресурс карты на работу приложений или отдельно отключать всё лишнее для игрушек. Функционал впечатляет )))', 16, 1),
       (17, '2023-01-20 10:15:30.55', ' Переписывался в чате,принесли извенения и все Больше у них ничего заказывать не буду,отвратительный магазин.', 17, 1),
       (18, '2023-02-20 10:15:30.55', ' Пришла без коробки, есть какие то повреждения, от куда взялись не понятно, не какой бумаги, может починили где то и отправили вообще незнаю что думать, ещё не проверял', 18, 1),
       (19, '2023-03-20 10:15:30.55', ' покупалась в подарок, так что, говоря о впечатлениях...лучше скажет цитата именинника :)', 19, 1),
       (20, '2023-03-20 10:15:30.55', ' Крутая карта все игрушки летают !!! Маленькая и не требует дополнительного питания и под нагрузкой даже не шумит вентилятором. Есть возможность передавать ресурс карты на работу приложений или отдельно отключать всё лишнее для игрушек. Функционал впечатляет )))', 20, 1),
       (21, '2023-03-20 10:15:30.55', ' Крутая карта все игрушки летают !!! Маленькая и не требует дополнительного питания и под нагрузкой даже не шумит вентилятором. Есть возможность передавать ресурс карты на работу приложений или отдельно отключать всё лишнее для игрушек. Функционал впечатляет )))', 21, 1),
       (22, '2023-04-20 10:15:30.55', ' Столкнулся с проблемой, при подключении через HDMI, после установки драйверов пропадало изображение исправляюсь только после удаления драйверов. Уже грешил на видеокарту, т.к кабель был новый. После нескольких попыток с разными версиями драйверов, все же нашёл и проверил с другим кабелем. Картинка появилась, но при подключении к другому монитору снова пришлось искать другой HDMI кабель.', 22, 1),
       (23, '2023-03-20 10:15:30.55', ' Переписывался в чате,принесли извенения и все Больше у них ничего заказывать не буду,отвратительный магазин.', 23, 1),
       (24, '2023-03-20 10:15:30.55', ' товар соответствует заявленным характеристикам', 24, 1),
       (25, '2023-03-20 10:15:30.55', ' товар соответствует заявленным характеристикам', 25, 1),
       (26, '2023-05-20 10:15:30.55', ' Переписывался в чате,принесли извенения и все Больше у них ничего заказывать не буду,отвратительный магазин.', 26, 1),
       (27, '2023-03-20 10:15:30.55', ' покупалась в подарок, так что, говоря о впечатлениях...лучше скажет цитата именинника :)', 27, 1),
       (28, '2023-03-20 10:15:30.55', ' товар соответствует заявленным характеристикам', 28, 1),
       (29, '2023-03-20 10:15:30.55', ' Крутая карта все игрушки летают !!! Маленькая и не требует дополнительного питания и под нагрузкой даже не шумит вентилятором. Есть возможность передавать ресурс карты на работу приложений или отдельно отключать всё лишнее для игрушек. Функционал впечатляет )))', 29, 1),
       (30, '2023-03-20 10:15:30.55', ' Пришла без коробки, есть какие то повреждения, от куда взялись не понятно, не какой бумаги, может починили где то и отправили вообще незнаю что думать, ещё не проверял', 30, 1),
       (31, '2023-03-20 10:15:30.55', ' Переписывался в чате,принесли извенения и все Больше у них ничего заказывать не буду,отвратительный магазин.', 31, 1),
       (32, '2023-12-20 10:15:30.55', ' Пришла без коробки, есть какие то повреждения, от куда взялись не понятно, не какой бумаги, может починили где то и отправили вообще незнаю что думать, ещё не проверял', 32, 1),
       (33, '2023-03-20 10:15:30.55', ' Переписывался в чате,принесли извенения и все Больше у них ничего заказывать не буду,отвратительный магазин.', 33, 1),
       (34, '2023-03-20 10:15:30.55', ' Столкнулся с проблемой, при подключении через HDMI, после установки драйверов пропадало изображение исправляюсь только после удаления драйверов. Уже грешил на видеокарту, т.к кабель был новый. После нескольких попыток с разными версиями драйверов, все же нашёл и проверил с другим кабелем. Картинка появилась, но при подключении к другому монитору снова пришлось искать другой HDMI кабель.', 34, 1),
       (35, '2023-11-20 10:15:30.55', ' Пришла без коробки, есть какие то повреждения, от куда взялись не понятно, не какой бумаги, может починили где то и отправили вообще незнаю что думать, ещё не проверял', 35, 1),
       (36, '2023-03-20 10:15:30.55', ' Крутая карта все игрушки летают !!! Маленькая и не требует дополнительного питания и под нагрузкой даже не шумит вентилятором. Есть возможность передавать ресурс карты на работу приложений или отдельно отключать всё лишнее для игрушек. Функционал впечатляет )))', 36, 1),
       (37, '2023-11-20 10:15:30.55', ' покупалась в подарок, так что, говоря о впечатлениях...лучше скажет цитата именинника :)', 37, 1),
       (38, '2023-03-20 10:15:30.55', ' покупалась в подарок, так что, говоря о впечатлениях...лучше скажет цитата именинника :)', 38, 1),
       (39, '2023-03-20 10:15:30.55', ' Пришла без коробки, есть какие то повреждения, от куда взялись не понятно, не какой бумаги, может починили где то и отправили вообще незнаю что думать, ещё не проверял', 39, 1),
       (40, '2023-11-20 10:15:30.55', ' Крутая карта все игрушки летают !!! Маленькая и не требует дополнительного питания и под нагрузкой даже не шумит вентилятором. Есть возможность передавать ресурс карты на работу приложений или отдельно отключать всё лишнее для игрушек. Функционал впечатляет )))', 40, 1),
       (41, '2023-03-20 10:15:30.55', ' Переписывался в чате,принесли извенения и все Больше у них ничего заказывать не буду,отвратительный магазин.', 41, 1),
       (42, '2023-10-20 10:15:30.55', ' товар соответствует заявленным характеристикам', 42, 1),
       (43, '2023-07-20 10:15:30.55', ' Пришла без коробки, есть какие то повреждения, от куда взялись не понятно, не какой бумаги, может починили где то и отправили вообще незнаю что думать, ещё не проверял', 43, 1),
       (44, '2023-08-20 10:15:30.55', ' покупалась в подарок, так что, говоря о впечатлениях...лучше скажет цитата именинника :)', 44, 1),
       (45, '2023-03-30 10:15:30.55', ' товар соответствует заявленным характеристикам', 45, 1),
       (46, '2023-03-01 10:15:30.55', ' Переписывался в чате,принесли извенения и все Больше у них ничего заказывать не буду,отвратительный магазин.', 46, 1),
       (47, '2023-03-02 10:15:30.55', ' Пришла без коробки, есть какие то повреждения, от куда взялись не понятно, не какой бумаги, может починили где то и отправили вообще незнаю что думать, ещё не проверял', 47, 1),
       (48, '2023-03-03 10:15:30.55', ' Крутая карта все игрушки летают !!! Маленькая и не требует дополнительного питания и под нагрузкой даже не шумит вентилятором. Есть возможность передавать ресурс карты на работу приложений или отдельно отключать всё лишнее для игрушек. Функционал впечатляет )))', 1, 2),
       (49, '2023-03-20 10:15:30.55', ' Крутая карта все игрушки летают !!! Маленькая и не требует дополнительного питания и под нагрузкой даже не шумит вентилятором. Есть возможность передавать ресурс карты на работу приложений или отдельно отключать всё лишнее для игрушек. Функционал впечатляет )))', 2, 2),
       (50, '2023-03-20 10:15:30.55', ' Столкнулся с проблемой, при подключении через HDMI, после установки драйверов пропадало изображение исправляюсь только после удаления драйверов. Уже грешил на видеокарту, т.к кабель был новый. После нескольких попыток с разными версиями драйверов, все же нашёл и проверил с другим кабелем. Картинка появилась, но при подключении к другому монитору снова пришлось искать другой HDMI кабель.', 3, 2),
       (51, '2023-03-20 10:15:30.55', ' Столкнулся с проблемой, при подключении через HDMI, после установки драйверов пропадало изображение исправляюсь только после удаления драйверов. Уже грешил на видеокарту, т.к кабель был новый. После нескольких попыток с разными версиями драйверов, все же нашёл и проверил с другим кабелем. Картинка появилась, но при подключении к другому монитору снова пришлось искать другой HDMI кабель.', 4, 2),
       (52, '2023-03-20 10:15:30.55', ' покупалась в подарок, так что, говоря о впечатлениях...лучше скажет цитата именинника :)', 5, 2),
       (53, '2023-03-20 10:15:30.55', ' Пришла без коробки, есть какие то повреждения, от куда взялись не понятно, не какой бумаги, может починили где то и отправили вообще незнаю что думать, ещё не проверял', 6, 2),
       (54, '2023-03-20 10:15:30.55', ' Пришла без коробки, есть какие то повреждения, от куда взялись не понятно, не какой бумаги, может починили где то и отправили вообще незнаю что думать, ещё не проверял', 7, 2),
       (55, '2023-03-20 10:15:30.55', ' покупалась в подарок, так что, говоря о впечатлениях...лучше скажет цитата именинника :)', 8, 2),
       (56, '2023-03-20 10:15:30.55', ' Пришла без коробки, есть какие то повреждения, от куда взялись не понятно, не какой бумаги, может починили где то и отправили вообще незнаю что думать, ещё не проверял', 9, 2),
       (57, '2023-03-20 10:15:30.55', ' Крутая карта все игрушки летают !!! Маленькая и не требует дополнительного питания и под нагрузкой даже не шумит вентилятором. Есть возможность передавать ресурс карты на работу приложений или отдельно отключать всё лишнее для игрушек. Функционал впечатляет )))', 10, 2),
       (58, '2023-03-20 10:15:30.55', ' Пришла без коробки, есть какие то повреждения, от куда взялись не понятно, не какой бумаги, может починили где то и отправили вообще незнаю что думать, ещё не проверял', 11, 2),
       (59, '2023-03-20 10:15:30.55', ' Переписывался в чате,принесли извенения и все Больше у них ничего заказывать не буду,отвратительный магазин.', 12, 2),
       (60, '2023-03-20 10:15:30.55', ' товар соответствует заявленным характеристикам', 13, 2),
       (61, '2023-03-20 10:15:30.55', ' Крутая карта все игрушки летают !!! Маленькая и не требует дополнительного питания и под нагрузкой даже не шумит вентилятором. Есть возможность передавать ресурс карты на работу приложений или отдельно отключать всё лишнее для игрушек. Функционал впечатляет )))', 14, 2),
       (62, '2023-03-20 10:15:30.55', ' Столкнулся с проблемой, при подключении через HDMI, после установки драйверов пропадало изображение исправляюсь только после удаления драйверов. Уже грешил на видеокарту, т.к кабель был новый. После нескольких попыток с разными версиями драйверов, все же нашёл и проверил с другим кабелем. Картинка появилась, но при подключении к другому монитору снова пришлось искать другой HDMI кабель.', 15, 2),
       (63, '2023-03-20 10:15:30.55', ' Столкнулся с проблемой, при подключении через HDMI, после установки драйверов пропадало изображение исправляюсь только после удаления драйверов. Уже грешил на видеокарту, т.к кабель был новый. После нескольких попыток с разными версиями драйверов, все же нашёл и проверил с другим кабелем. Картинка появилась, но при подключении к другому монитору снова пришлось искать другой HDMI кабель.', 16, 2),
       (64, '2023-03-20 10:15:30.55', ' товар соответствует заявленным характеристикам', 17, 2),
       (65, '2023-03-20 10:15:30.55', ' Столкнулся с проблемой, при подключении через HDMI, после установки драйверов пропадало изображение исправляюсь только после удаления драйверов. Уже грешил на видеокарту, т.к кабель был новый. После нескольких попыток с разными версиями драйверов, все же нашёл и проверил с другим кабелем. Картинка появилась, но при подключении к другому монитору снова пришлось искать другой HDMI кабель.', 18, 2),
       (66, '2023-03-20 10:15:30.55', ' Пришла без коробки, есть какие то повреждения, от куда взялись не понятно, не какой бумаги, может починили где то и отправили вообще незнаю что думать, ещё не проверял', 19, 2),
       (67, '2023-03-20 10:15:30.55', ' покупалась в подарок, так что, говоря о впечатлениях...лучше скажет цитата именинника :)', 20, 2),
       (68, '2023-03-20 10:15:30.55', ' товар соответствует заявленным характеристикам', 21, 2),
       (69, '2023-03-20 10:15:30.55', ' Крутая карта все игрушки летают !!! Маленькая и не требует дополнительного питания и под нагрузкой даже не шумит вентилятором. Есть возможность передавать ресурс карты на работу приложений или отдельно отключать всё лишнее для игрушек. Функционал впечатляет )))', 22, 2),
       (70, '2023-03-20 10:15:30.55', ' Переписывался в чате,принесли извенения и все Больше у них ничего заказывать не буду,отвратительный магазин.', 23, 2),
       (71, '2023-03-20 10:15:30.55', ' Переписывался в чате,принесли извенения и все Больше у них ничего заказывать не буду,отвратительный магазин.', 24, 2),
       (72, '2023-03-20 10:15:30.55', ' Переписывался в чате,принесли извенения и все Больше у них ничего заказывать не буду,отвратительный магазин.', 25, 2),
       (73, '2023-03-20 10:15:30.55', ' товар соответствует заявленным характеристикам', 26, 2),
       (74, '2023-03-20 10:15:30.55', ' Крутая карта все игрушки летают !!! Маленькая и не требует дополнительного питания и под нагрузкой даже не шумит вентилятором. Есть возможность передавать ресурс карты на работу приложений или отдельно отключать всё лишнее для игрушек. Функционал впечатляет )))', 27, 2),
       (75, '2023-03-20 10:15:30.55', ' Переписывался в чате,принесли извенения и все Больше у них ничего заказывать не буду,отвратительный магазин.', 28, 2),
       (76, '2023-03-20 10:15:30.55', ' Столкнулся с проблемой, при подключении через HDMI, после установки драйверов пропадало изображение исправляюсь только после удаления драйверов. Уже грешил на видеокарту, т.к кабель был новый. После нескольких попыток с разными версиями драйверов, все же нашёл и проверил с другим кабелем. Картинка появилась, но при подключении к другому монитору снова пришлось искать другой HDMI кабель.', 29, 2),
       (77, '2023-03-20 10:15:30.55', ' Пришла без коробки, есть какие то повреждения, от куда взялись не понятно, не какой бумаги, может починили где то и отправили вообще незнаю что думать, ещё не проверял', 30, 2),
       (78, '2023-03-20 10:15:30.55', ' Крутая карта все игрушки летают !!! Маленькая и не требует дополнительного питания и под нагрузкой даже не шумит вентилятором. Есть возможность передавать ресурс карты на работу приложений или отдельно отключать всё лишнее для игрушек. Функционал впечатляет )))', 31, 2),
       (79, '2023-03-20 10:15:30.55', ' Пришла без коробки, есть какие то повреждения, от куда взялись не понятно, не какой бумаги, может починили где то и отправили вообще незнаю что думать, ещё не проверял', 32, 2),
       (80, '2023-03-20 10:15:30.55', ' Столкнулся с проблемой, при подключении через HDMI, после установки драйверов пропадало изображение исправляюсь только после удаления драйверов. Уже грешил на видеокарту, т.к кабель был новый. После нескольких попыток с разными версиями драйверов, все же нашёл и проверил с другим кабелем. Картинка появилась, но при подключении к другому монитору снова пришлось искать другой HDMI кабель.', 33, 2),
       (81, '2023-03-20 10:15:30.55', ' Столкнулся с проблемой, при подключении через HDMI, после установки драйверов пропадало изображение исправляюсь только после удаления драйверов. Уже грешил на видеокарту, т.к кабель был новый. После нескольких попыток с разными версиями драйверов, все же нашёл и проверил с другим кабелем. Картинка появилась, но при подключении к другому монитору снова пришлось искать другой HDMI кабель.', 34, 2),
       (82, '2023-03-20 10:15:30.55', ' покупалась в подарок, так что, говоря о впечатлениях...лучше скажет цитата именинника :)', 35, 2),
       (83, '2023-03-20 10:15:30.55', ' покупалась в подарок, так что, говоря о впечатлениях...лучше скажет цитата именинника :)', 36, 2),
       (84, '2023-03-20 10:15:30.55', ' Переписывался в чате,принесли извенения и все Больше у них ничего заказывать не буду,отвратительный магазин.', 37, 2),
       (85, '2023-03-20 10:15:30.55', ' Крутая карта все игрушки летают !!! Маленькая и не требует дополнительного питания и под нагрузкой даже не шумит вентилятором. Есть возможность передавать ресурс карты на работу приложений или отдельно отключать всё лишнее для игрушек. Функционал впечатляет )))', 38, 2),
       (86, '2023-03-20 10:15:30.55', ' Переписывался в чате,принесли извенения и все Больше у них ничего заказывать не буду,отвратительный магазин.', 39, 2),
       (87, '2023-03-20 10:15:30.55', ' Переписывался в чате,принесли извенения и все Больше у них ничего заказывать не буду,отвратительный магазин.', 40, 2),
       (88, '2023-03-20 10:15:30.55', ' товар соответствует заявленным характеристикам', 41, 2),
       (89, '2023-03-20 10:15:30.55', ' Пришла без коробки, есть какие то повреждения, от куда взялись не понятно, не какой бумаги, может починили где то и отправили вообще незнаю что думать, ещё не проверял', 42, 2),
       (90, '2023-03-20 10:15:30.55', ' Крутая карта все игрушки летают !!! Маленькая и не требует дополнительного питания и под нагрузкой даже не шумит вентилятором. Есть возможность передавать ресурс карты на работу приложений или отдельно отключать всё лишнее для игрушек. Функционал впечатляет )))', 43, 2),
       (91, '2023-03-20 10:15:30.55', ' покупалась в подарок, так что, говоря о впечатлениях...лучше скажет цитата именинника :)', 44, 2),
       (92, '2023-03-20 10:15:30.55', ' покупалась в подарок, так что, говоря о впечатлениях...лучше скажет цитата именинника :)', 45, 2),
       (93, '2023-03-20 10:15:30.55', ' покупалась в подарок, так что, говоря о впечатлениях...лучше скажет цитата именинника :)', 46, 2),
       (94, '2023-03-20 10:15:30.55', ' Столкнулся с проблемой, при подключении через HDMI, после установки драйверов пропадало изображение исправляюсь только после удаления драйверов. Уже грешил на видеокарту, т.к кабель был новый. После нескольких попыток с разными версиями драйверов, все же нашёл и проверил с другим кабелем. Картинка появилась, но при подключении к другому монитору снова пришлось искать другой HDMI кабель.', 47, 2),
       (95, '2023-03-20 10:15:30.55', ' Переписывался в чате,принесли извенения и все Больше у них ничего заказывать не буду,отвратительный магазин.', 1, 3),
       (96, '2023-03-20 10:15:30.55', ' товар соответствует заявленным характеристикам', 2, 3),
       (97, '2023-03-20 10:15:30.55', ' покупалась в подарок, так что, говоря о впечатлениях...лучше скажет цитата именинника :)', 3, 3),
       (98, '2023-03-20 10:15:30.55', ' Пришла без коробки, есть какие то повреждения, от куда взялись не понятно, не какой бумаги, может починили где то и отправили вообще незнаю что думать, ещё не проверял', 4, 3),
       (99, '2023-03-20 10:15:30.55', ' Пришла без коробки, есть какие то повреждения, от куда взялись не понятно, не какой бумаги, может починили где то и отправили вообще незнаю что думать, ещё не проверял', 5, 3),
       (100, '2023-03-20 10:15:30.55', ' покупалась в подарок, так что, говоря о впечатлениях...лучше скажет цитата именинника :)', 6, 3),
       (101, '2023-03-20 10:15:30.55', ' Крутая карта все игрушки летают !!! Маленькая и не требует дополнительного питания и под нагрузкой даже не шумит вентилятором. Есть возможность передавать ресурс карты на работу приложений или отдельно отключать всё лишнее для игрушек. Функционал впечатляет )))', 7, 3),
       (102, '2023-03-20 10:15:30.55', ' Переписывался в чате,принесли извенения и все Больше у них ничего заказывать не буду,отвратительный магазин.', 8, 3),
       (103, '2023-03-20 10:15:30.55', ' Переписывался в чате,принесли извенения и все Больше у них ничего заказывать не буду,отвратительный магазин.', 9, 3),
       (104, '2023-03-20 10:15:30.55', ' Столкнулся с проблемой, при подключении через HDMI, после установки драйверов пропадало изображение исправляюсь только после удаления драйверов. Уже грешил на видеокарту, т.к кабель был новый. После нескольких попыток с разными версиями драйверов, все же нашёл и проверил с другим кабелем. Картинка появилась, но при подключении к другому монитору снова пришлось искать другой HDMI кабель.', 10, 3),
       (105, '2023-03-20 10:15:30.55', ' Столкнулся с проблемой, при подключении через HDMI, после установки драйверов пропадало изображение исправляюсь только после удаления драйверов. Уже грешил на видеокарту, т.к кабель был новый. После нескольких попыток с разными версиями драйверов, все же нашёл и проверил с другим кабелем. Картинка появилась, но при подключении к другому монитору снова пришлось искать другой HDMI кабель.', 11, 3),
       (106, '2023-03-20 10:15:30.55', ' Крутая карта все игрушки летают !!! Маленькая и не требует дополнительного питания и под нагрузкой даже не шумит вентилятором. Есть возможность передавать ресурс карты на работу приложений или отдельно отключать всё лишнее для игрушек. Функционал впечатляет )))', 12, 3),
       (107, '2023-03-20 10:15:30.55', ' Переписывался в чате,принесли извенения и все Больше у них ничего заказывать не буду,отвратительный магазин.', 13, 3),
       (108, '2023-03-20 10:15:30.55', ' товар соответствует заявленным характеристикам', 14, 3),
       (109, '2023-03-20 10:15:30.55', ' Крутая карта все игрушки летают !!! Маленькая и не требует дополнительного питания и под нагрузкой даже не шумит вентилятором. Есть возможность передавать ресурс карты на работу приложений или отдельно отключать всё лишнее для игрушек. Функционал впечатляет )))', 15, 3),
       (110, '2023-03-20 10:15:30.55', ' Крутая карта все игрушки летают !!! Маленькая и не требует дополнительного питания и под нагрузкой даже не шумит вентилятором. Есть возможность передавать ресурс карты на работу приложений или отдельно отключать всё лишнее для игрушек. Функционал впечатляет )))', 16, 3),
       (111, '2023-03-20 10:15:30.55', ' Переписывался в чате,принесли извенения и все Больше у них ничего заказывать не буду,отвратительный магазин.', 17, 3),
       (112, '2023-03-20 10:15:30.55', ' Переписывался в чате,принесли извенения и все Больше у них ничего заказывать не буду,отвратительный магазин.', 18, 3),
       (113, '2023-03-20 10:15:30.55', ' Переписывался в чате,принесли извенения и все Больше у них ничего заказывать не буду,отвратительный магазин.', 19, 3),
       (114, '2023-03-20 10:15:30.55', ' Столкнулся с проблемой, при подключении через HDMI, после установки драйверов пропадало изображение исправляюсь только после удаления драйверов. Уже грешил на видеокарту, т.к кабель был новый. После нескольких попыток с разными версиями драйверов, все же нашёл и проверил с другим кабелем. Картинка появилась, но при подключении к другому монитору снова пришлось искать другой HDMI кабель.', 20, 3),
       (115, '2023-03-20 10:15:30.55', ' Переписывался в чате,принесли извенения и все Больше у них ничего заказывать не буду,отвратительный магазин.', 21, 3),
       (116, '2023-03-20 10:15:30.55', ' Переписывался в чате,принесли извенения и все Больше у них ничего заказывать не буду,отвратительный магазин.', 22, 3),
       (117, '2023-03-20 10:15:30.55', ' Столкнулся с проблемой, при подключении через HDMI, после установки драйверов пропадало изображение исправляюсь только после удаления драйверов. Уже грешил на видеокарту, т.к кабель был новый. После нескольких попыток с разными версиями драйверов, все же нашёл и проверил с другим кабелем. Картинка появилась, но при подключении к другому монитору снова пришлось искать другой HDMI кабель.', 23, 3),
       (118, '2023-03-20 10:15:30.55', ' Столкнулся с проблемой, при подключении через HDMI, после установки драйверов пропадало изображение исправляюсь только после удаления драйверов. Уже грешил на видеокарту, т.к кабель был новый. После нескольких попыток с разными версиями драйверов, все же нашёл и проверил с другим кабелем. Картинка появилась, но при подключении к другому монитору снова пришлось искать другой HDMI кабель.', 24, 3),
       (119, '2023-03-20 10:15:30.55', ' Столкнулся с проблемой, при подключении через HDMI, после установки драйверов пропадало изображение исправляюсь только после удаления драйверов. Уже грешил на видеокарту, т.к кабель был новый. После нескольких попыток с разными версиями драйверов, все же нашёл и проверил с другим кабелем. Картинка появилась, но при подключении к другому монитору снова пришлось искать другой HDMI кабель.', 25, 3),
       (120, '2023-03-20 10:15:30.55', ' Крутая карта все игрушки летают !!! Маленькая и не требует дополнительного питания и под нагрузкой даже не шумит вентилятором. Есть возможность передавать ресурс карты на работу приложений или отдельно отключать всё лишнее для игрушек. Функционал впечатляет )))', 26, 3),
       (121, '2023-03-20 10:15:30.55', ' Крутая карта все игрушки летают !!! Маленькая и не требует дополнительного питания и под нагрузкой даже не шумит вентилятором. Есть возможность передавать ресурс карты на работу приложений или отдельно отключать всё лишнее для игрушек. Функционал впечатляет )))', 27, 3),
       (122, '2023-03-20 10:15:30.55', ' Крутая карта все игрушки летают !!! Маленькая и не требует дополнительного питания и под нагрузкой даже не шумит вентилятором. Есть возможность передавать ресурс карты на работу приложений или отдельно отключать всё лишнее для игрушек. Функционал впечатляет )))', 28, 3),
       (123, '2023-03-20 10:15:30.55', ' Крутая карта все игрушки летают !!! Маленькая и не требует дополнительного питания и под нагрузкой даже не шумит вентилятором. Есть возможность передавать ресурс карты на работу приложений или отдельно отключать всё лишнее для игрушек. Функционал впечатляет )))', 29, 3),
       (124, '2023-03-20 10:15:30.55', ' Крутая карта все игрушки летают !!! Маленькая и не требует дополнительного питания и под нагрузкой даже не шумит вентилятором. Есть возможность передавать ресурс карты на работу приложений или отдельно отключать всё лишнее для игрушек. Функционал впечатляет )))', 30, 3),
       (125, '2023-03-20 10:15:30.55', ' Переписывался в чате,принесли извенения и все Больше у них ничего заказывать не буду,отвратительный магазин.', 31, 3),
       (126, '2023-03-20 10:15:30.55', ' Крутая карта все игрушки летают !!! Маленькая и не требует дополнительного питания и под нагрузкой даже не шумит вентилятором. Есть возможность передавать ресурс карты на работу приложений или отдельно отключать всё лишнее для игрушек. Функционал впечатляет )))', 32, 3),
       (127, '2023-03-20 10:15:30.55', ' Столкнулся с проблемой, при подключении через HDMI, после установки драйверов пропадало изображение исправляюсь только после удаления драйверов. Уже грешил на видеокарту, т.к кабель был новый. После нескольких попыток с разными версиями драйверов, все же нашёл и проверил с другим кабелем. Картинка появилась, но при подключении к другому монитору снова пришлось искать другой HDMI кабель.', 33, 3),
       (128, '2023-03-20 10:15:30.55', ' товар соответствует заявленным характеристикам', 34, 3),
       (129, '2023-03-20 10:15:30.55', ' товар соответствует заявленным характеристикам', 35, 3),
       (130, '2023-03-20 10:15:30.55', ' покупалась в подарок, так что, говоря о впечатлениях...лучше скажет цитата именинника :)', 36, 3),
       (131, '2023-03-20 10:15:30.55', ' Столкнулся с проблемой, при подключении через HDMI, после установки драйверов пропадало изображение исправляюсь только после удаления драйверов. Уже грешил на видеокарту, т.к кабель был новый. После нескольких попыток с разными версиями драйверов, все же нашёл и проверил с другим кабелем. Картинка появилась, но при подключении к другому монитору снова пришлось искать другой HDMI кабель.', 37, 3),
       (132, '2023-03-20 10:15:30.55', ' Пришла без коробки, есть какие то повреждения, от куда взялись не понятно, не какой бумаги, может починили где то и отправили вообще незнаю что думать, ещё не проверял', 38, 3),
       (133, '2023-03-20 10:15:30.55', ' Крутая карта все игрушки летают !!! Маленькая и не требует дополнительного питания и под нагрузкой даже не шумит вентилятором. Есть возможность передавать ресурс карты на работу приложений или отдельно отключать всё лишнее для игрушек. Функционал впечатляет )))', 39, 3),
       (134, '2023-03-20 10:15:30.55', ' Переписывался в чате,принесли извенения и все Больше у них ничего заказывать не буду,отвратительный магазин.', 40, 3),
       (135, '2023-03-20 10:15:30.55', ' Столкнулся с проблемой, при подключении через HDMI, после установки драйверов пропадало изображение исправляюсь только после удаления драйверов. Уже грешил на видеокарту, т.к кабель был новый. После нескольких попыток с разными версиями драйверов, все же нашёл и проверил с другим кабелем. Картинка появилась, но при подключении к другому монитору снова пришлось искать другой HDMI кабель.', 41, 3),
       (136, '2023-03-20 10:15:30.55', ' Столкнулся с проблемой, при подключении через HDMI, после установки драйверов пропадало изображение исправляюсь только после удаления драйверов. Уже грешил на видеокарту, т.к кабель был новый. После нескольких попыток с разными версиями драйверов, все же нашёл и проверил с другим кабелем. Картинка появилась, но при подключении к другому монитору снова пришлось искать другой HDMI кабель.', 42, 3),
       (137, '2023-03-20 10:15:30.55', ' Пришла без коробки, есть какие то повреждения, от куда взялись не понятно, не какой бумаги, может починили где то и отправили вообще незнаю что думать, ещё не проверял', 43, 3),
       (138, '2023-03-20 10:15:30.55', ' покупалась в подарок, так что, говоря о впечатлениях...лучше скажет цитата именинника :)', 44, 3),
       (139, '2023-03-20 10:15:30.55', ' Крутая карта все игрушки летают !!! Маленькая и не требует дополнительного питания и под нагрузкой даже не шумит вентилятором. Есть возможность передавать ресурс карты на работу приложений или отдельно отключать всё лишнее для игрушек. Функционал впечатляет )))', 45, 3),
       (140, '2023-03-20 10:15:30.55', ' Пришла без коробки, есть какие то повреждения, от куда взялись не понятно, не какой бумаги, может починили где то и отправили вообще незнаю что думать, ещё не проверял', 46, 3),
       (141, '2023-03-20 10:15:30.55', ' товар соответствует заявленным характеристикам', 47, 3);
